,n,ns,l,ls,i,is,epi,smt,para
0,0.9758251176592514,3.42472506839925e-05,0.4214205473065195,0.00026096313242143326,0.2271594194640777,0.000763088592226418,0,1,9
1,0.9938974684406211,2.7533608253955833e-06,0.43090791088839114,2.9685869642033235e-05,0.4598923717334713,0.00021364558870711733,0,2,8
2,0.9942247210412216,1.299069537792831e-06,0.428040130232071,3.0947920284085056e-05,0.4779792018634656,0.000557831007508502,0,3,7
3,0.993767632442888,2.143736913301541e-06,0.4151219047516327,8.123816507796647e-05,0.46939662711583824,0.000254147147022352,0,4,6
4,0.9936249040397424,4.904212590991833e-06,0.43567453585765475,6.028378458978029e-05,0.48371398743758315,0.00016763931238988322,0,5,5
5,0.9928916124199771,1.635380724517327e-06,0.4242528247781335,0.00013418617478553458,0.47826963215641455,0.00024447493888209214,0,6,4
6,0.992209532589901,3.2130458920575356e-06,0.43400912238224004,0.00010083405325833668,0.5082922128991657,0.00029092300687947334,0,7,3
7,0.9899852851303077,5.0769780891978325e-06,0.4225327869704587,5.008275555328332e-05,0.5038525220225998,0.0005459546412171527,0,8,2
8,0.9850979004064244,8.381412228618267e-06,0.4236551463625213,8.748361816674601e-05,0.5541401330502415,0.0003858356163469806,0,9,1
9,0.9799088099589844,7.1495314143348615e-06,0.4317807103050832,2.8860963283355576e-05,0.2393049104380002,0.0005893441970848349,1,1,9
10,0.993539778702627,2.1448028489778563e-06,0.4139963376638742,8.177796635337902e-05,0.43884575702757755,0.00013561751419078922,1,2,8
11,0.9940259408320462,2.151061414522845e-06,0.4172920693312726,4.8191143411969434e-05,0.4647187812199046,0.0004763187020573204,1,3,7
12,0.9939761429287294,2.056007657377933e-06,0.4338674620328624,3.54517886858359e-05,0.4809851242304278,0.0002793257922971194,1,4,6
13,0.9936404276813422,1.2021333532824258e-06,0.44189478632670215,6.818244413177955e-05,0.48491273920392175,0.00043880063516716337,1,5,5
14,0.9929737562597885,4.857619271917505e-06,0.4284735330330463,9.813519242212478e-05,0.4830123962501164,0.0005949297815764918,1,6,4
15,0.9918527740976311,5.419072175895416e-06,0.41762650476684576,0.00014103719269208172,0.48735466114684783,0.00017215144713410204,1,7,3
16,0.9902549514923992,7.619242597472559e-06,0.42944307135221504,0.00016336492237528684,0.5133018813358212,0.000544781052865451,1,8,2
17,0.9849967549092628,7.330009946692093e-06,0.40797460489418597,0.00011907804422674905,0.5471910305131014,0.00024955910595442053,1,9,1
18,0.9789843585816631,2.633238630297488e-05,0.4225071394439573,7.753163128224841e-05,0.22655175473815517,0.0006527435246774615,2,1,9
19,0.9938805610164625,2.323156963667322e-06,0.4319329611938892,7.826271109800894e-05,0.46042147112149995,0.00039274181806886054,2,2,8
20,0.9939346554525075,5.657086863369437e-06,0.4214997034972559,8.417102873899812e-05,0.4628641794497387,0.0005394013354524906,2,3,7
21,0.9938268808152858,1.4335876426252393e-06,0.42665827581499954,0.0001686016940497048,0.47110387059754966,0.00022594681379521715,2,4,6
22,0.9935244409385469,5.592383989217994e-06,0.4286104139609973,0.00020884215412461977,0.48129020702439207,0.0003582668797192862,2,5,5
23,0.992933880740756,7.495899376222912e-06,0.4311772111388178,0.00023636426707290448,0.48687311503338626,0.00062002764251692,2,6,4
24,0.991904257366069,5.307714254113342e-06,0.4300675843561321,8.572957782717952e-05,0.49082180230596983,0.0003343980549189534,2,7,3
25,0.9902000444480583,6.938773443853168e-06,0.4288681559535765,7.223280786776336e-05,0.5129892911463871,0.00023381644495106763,2,8,2
26,0.9856137350374388,7.586903584735438e-06,0.4372781268381712,8.901172662943757e-05,0.5633712471656772,0.0002835377818677141,2,9,1
27,0.9801429811511194,2.6411314232663665e-05,0.4343134389312684,0.00011256131004333005,0.2357301882977646,0.0005963156700478921,3,1,9
28,0.9936378567608805,1.7266006271491235e-06,0.42983141578882944,8.745161904952636e-05,0.4494515320223717,0.00022445424768200817,3,2,8
29,0.9940903949051558,2.105857122663854e-06,0.4260288980432305,4.721071782204827e-05,0.46893305286732323,0.00023261754646530225,3,3,7
30,0.9937721353646305,3.3956507937245067e-06,0.4167708012404587,4.604774224700716e-05,0.4681695382625795,0.0002357882089577621,3,4,6
31,0.9935137057322502,1.5693326321827606e-06,0.4275442620791481,6.355979071809893e-05,0.4775119744589302,0.0001521433804165584,3,5,5
32,0.9930863731435535,2.79570466804144e-06,0.4367424719434964,6.762850529373841e-05,0.4880138704695695,0.00027539274821424025,3,6,4
33,0.9919442346442927,7.0261312137249255e-06,0.4346598336764812,0.00013869409957703805,0.4872750230627986,0.0002360561297279657,3,7,3
34,0.9900117629300604,1.1258363171153647e-05,0.4194011169036186,3.7909314462484744e-05,0.49829752586297577,0.0003191327743090963,3,8,2
35,0.9854456525757039,1.1180010800562149e-05,0.42756607374936684,3.0070075251166204e-05,0.557400425880111,0.000305219857060278,3,9,1
36,0.9756838152488081,2.9453712263206833e-05,0.422730960749202,0.00012449204037950364,0.2102739185394348,0.0012797983347362023,4,1,9
37,0.9939440002894468,3.994277395399585e-06,0.4343955262931648,0.00015086603760732588,0.4626875103668368,0.00045073038505466154,4,2,8
38,0.9941917502476365,3.821207737251521e-06,0.4363531728950286,0.0001426089296023061,0.4747592019481756,0.000351128216440759,4,3,7
39,0.9938613218305236,1.7591348576501352e-06,0.4191895803948569,0.00016882187688562823,0.47258199556067165,0.00022746870416675416,4,4,6
40,0.9933306750382769,2.3770550361822684e-06,0.4120390047376129,9.298970575487765e-05,0.4708826291687177,0.0003656946788291267,4,5,5
41,0.9929675170874184,1.7448382990678072e-06,0.43152240437445355,9.734730206067357e-05,0.4878406911407312,0.000591831589668499,4,6,4
42,0.9920711724742539,3.7444903764722595e-06,0.4325010607110543,7.193025818134182e-05,0.49905255102476764,0.000508042427443839,4,7,3
43,0.9900689025498299,4.626714705534384e-06,0.421097263848612,3.626950325432552e-05,0.505385465510714,0.00039769510305539564,4,8,2
44,0.9854905715865284,1.0038875492897267e-05,0.4346589535177542,0.00022696863566855507,0.5592415279077992,0.00016661935903444417,4,9,1
45,0.9761724531572247,2.9724267676078872e-05,0.41947152944391836,0.00010011972034460028,0.21801411779487836,0.00032251847803394423,5,1,9
46,0.9936253971982815,1.236847930035571e-06,0.42628871071865726,0.00024858580127492483,0.4465863135122529,0.00011790201974359165,5,2,8
47,0.9940978705114157,2.2947631499755724e-06,0.42765493098912505,4.559577156051775e-05,0.4690447667854485,0.00043683018956667115,5,3,7
48,0.9939130777504666,3.602870977067187e-06,0.43093453676635435,0.00016594983096479017,0.4744669542969051,0.00023877872132999108,5,4,6
49,0.9935980894974805,1.6118058365519215e-06,0.43739534539798947,8.33962880998798e-05,0.4822423944482759,0.0004365039715354798,5,5,5
50,0.992841893175247,4.578605406913586e-06,0.4143811023393643,4.988026337098946e-05,0.47939850428612485,0.0003068811005481893,5,6,4
51,0.991607471768443,1.2452246866880821e-05,0.4024124498240764,0.00021951440286722534,0.48124130510377106,0.0006257934243974053,5,7,3
52,0.9899422535953445,6.5354845803220994e-06,0.4181153438565426,0.00023651351954165898,0.5063558975886516,0.0003013384259879858,5,8,2
53,0.9849898289973883,2.1358843274792464e-05,0.4187644469075104,0.0003151581784710059,0.559645200022021,0.00029623686992090426,5,9,1
54,0.978989922735218,8.727196706608648e-06,0.4162530312330133,8.400230595507229e-05,0.21623695368074664,0.0008438874838920441,6,1,9
55,0.9939474655500191,4.229647796372781e-06,0.43686986597947947,3.5344639102700983e-05,0.460777611002703,0.00033115210132225455,6,2,8
56,0.9940962148749333,8.211619169835572e-07,0.4222085249586258,3.31658856269874e-05,0.47029283774918634,0.00023010760837849733,6,3,7
57,0.9939456466557901,1.145735021748653e-06,0.4332681187909334,0.00010075158766761467,0.47825500599382736,0.000213838276540327,6,4,6
58,0.9932437981815615,2.095991851849983e-06,0.4147359530880818,7.251409691039069e-05,0.4610296663996213,0.00028767814262431474,6,5,5
59,0.9931140952612326,8.481635299299998e-06,0.4387046993497047,5.023006053346248e-05,0.494706748564915,0.0006042514517139915,6,6,4
60,0.992014470300393,7.3068077202553035e-06,0.4270416017962299,0.00012261208186266996,0.4935923333840795,0.000730838483272125,6,7,3
61,0.9899889903607857,9.871207881761785e-06,0.41487058991570525,6.3093464838232e-05,0.5010770448652327,0.0004252443433674705,6,8,2
62,0.9852017521961687,1.5450638474184868e-05,0.4251385012138703,4.4339510712772484e-05,0.5605395713920106,0.0005753268584192763,6,9,1
63,0.9773981744903015,1.2027566147628351e-05,0.422935820100919,9.94371410472861e-05,0.22415896141405736,0.0004287071427207944,7,1,9
64,0.9936516706046806,2.2812705572591725e-06,0.423374369699009,9.125435769746558e-05,0.4474363542579851,0.00019727597989060603,7,2,8
65,0.9940212580664002,2.8675600552107417e-06,0.42232811700009265,0.0001646666031007498,0.4668873610067701,0.00024121864101463609,7,3,7
66,0.9938625424668603,1.2493320057306474e-06,0.42652767073924697,0.0001801559181582522,0.4719368363130245,0.00021482937313766447,7,4,6
67,0.9935500576190001,4.061079113550545e-06,0.4340642607918647,7.898736119241531e-05,0.47874097438082663,0.0005682245771828492,7,5,5
68,0.9930016990273927,2.1671819956510403e-06,0.4308153369761516,0.00010429509290997159,0.4849958595093038,0.00018317844865725104,7,6,4
69,0.9919354693155574,5.0791495487618205e-06,0.4303523077054662,7.254701476696435e-05,0.49063202085533025,0.0008290613002021409,7,7,3
70,0.9902472662230327,1.0937021543501648e-05,0.43104074975346973,0.0001713388948779215,0.5128325626567278,0.00047535919458963614,7,8,2
71,0.9855643069674127,9.466628324999513e-06,0.43522335516509975,3.414398737221841e-05,0.5556366325647134,0.0003010397993400197,7,9,1
72,0.9792377291764801,2.013769223663911e-05,0.44130341365014464,9.614805659584184e-05,0.24897271457509162,0.0004833448094346166,8,1,9
73,0.9937842312503276,1.9386034453132976e-06,0.42656416034591393,9.862941344382131e-05,0.4531448910632395,0.00012993559271966368,8,2,8
74,0.9938978428847999,2.4505353484611315e-06,0.41644940276830195,4.297252135582506e-05,0.461334674555553,0.00016166190907955958,8,3,7
75,0.9938983373441423,1.8464909537660885e-06,0.42616298971649225,5.9159409978369694e-05,0.47504623763294945,0.000192284374878567,8,4,6
76,0.993376828087152,4.058800912047013e-06,0.4110912294995943,0.00016613670679677242,0.4718322133356522,0.0003164900816445386,8,5,5
77,0.9928070698234198,5.249729634379516e-06,0.42356801324088067,0.0001453904566232675,0.47771092530446474,0.00046052465663230547,8,6,4
78,0.991889267674788,2.111240259575527e-06,0.4218786903874103,0.00014806128849750776,0.4886568518553848,0.00020931921064673727,8,7,3
79,0.9902140828064794,4.303273736396713e-06,0.4293992117987854,0.00010205675507268993,0.5122838390920171,0.00020209365173828807,8,8,2
80,0.985404140388472,4.238177476049871e-06,0.4177078790502039,2.9205500012910348e-05,0.5540608191191904,0.00021694354725564695,8,9,1
81,0.9816402903987558,1.2877214511595734e-05,0.42486484391869983,5.490758948563522e-05,0.2504245032372861,0.0008395636466728788,9,1,9
82,0.9937019325334732,1.7506031543213957e-06,0.429654618333178,8.972571337056337e-05,0.45283404097901364,0.00020961310139518802,9,2,8
83,0.9942345309387808,4.3160435180837186e-06,0.4338063583579099,0.00011994412375590327,0.4814601797532654,0.0002662388412662264,9,3,7
84,0.9939016502442723,2.7899335585973392e-06,0.42210449963214863,0.00016659506128777204,0.4736728023747631,0.00034656912248968937,9,4,6
85,0.9935812864433242,2.8235940842370228e-06,0.42965312980350095,0.00018717158186385875,0.4845342156859218,0.00022732528256383283,9,5,5
86,0.9928640999827926,5.515307247907031e-06,0.4234851805207785,0.00013761309950106643,0.4817944566288774,0.0003302254261336649,9,6,4
87,0.9920183059823446,5.613676103736755e-06,0.4306272769538357,0.0001368788774037214,0.4977223193591121,0.00015742528504675401,9,7,3
88,0.9901404651261675,8.163349985321988e-06,0.428524487606935,8.906885387895904e-05,0.5071282810801301,0.0005005540187220348,9,8,2
89,0.9850570049574473,1.1902090677287204e-05,0.42230372226024165,0.00011998409474659544,0.5520199852418238,0.0004127698008150337,9,9,1
90,0.9724656784341271,1.5680435107566153e-05,0.426560632897529,0.0002132597061841805,0.24011633232807178,0.0008530671595152857,10,1,9
91,0.9938812534009788,2.39960812046371e-06,0.43370136283652333,9.9134323683011e-05,0.45855882949243737,0.00014617704050074817,10,2,8
92,0.994402950648056,1.5450615953619695e-06,0.44315885835869684,0.00018113911588695932,0.4820044326472951,0.0003862895092460876,10,3,7
93,0.9938701705527074,1.2612131101952532e-06,0.4231883835945114,7.229250825954905e-05,0.47303113772663213,0.00023525719183019209,10,4,6
94,0.9935414161768452,1.7911819628579136e-06,0.42707964579803426,6.469186976988043e-05,0.48186127679970525,0.00017758395917692366,10,5,5
95,0.9926344513378947,2.839017199565856e-06,0.409539199179197,0.00011037237281425735,0.4753101572509515,0.00025403984377508757,10,6,4
96,0.9916375684879165,3.139647768958904e-06,0.41681526032675176,0.00012932212217115543,0.4764863815916356,0.00030189651451938555,10,7,3
97,0.9901731032879504,1.2495465704019612e-05,0.4302692563120297,0.00015144314520201599,0.5086734007331072,0.00031456638842377926,10,8,2
98,0.98516777597693,1.4042014644623752e-05,0.4321720042159514,4.217013510087752e-05,0.5535563385420148,0.0010992984007039506,10,9,1
99,0.9749851281687022,4.1831741614353776e-05,0.4198652384733329,0.00022989008070437578,0.21872590089230504,0.0004233061980107617,11,1,9
100,0.9936930899453211,1.622397374243476e-06,0.4295378655224081,7.533854277140928e-05,0.4441611816607098,0.00023006852568579507,11,2,8
101,0.9942157866741786,9.056829296722383e-07,0.438365240559734,6.376545560031503e-05,0.47612591867642695,0.00019865433491614062,11,3,7
102,0.9936982592408476,2.0825829537191327e-06,0.4155428490966154,8.61123083423044e-05,0.46246814433887984,0.00022438362037434183,11,4,6
103,0.9935902370429972,2.5171306263590343e-06,0.426717262203515,7.090458489769992e-05,0.48664004603264893,0.0003116500017067403,11,5,5
104,0.992837519314437,3.4675767744411113e-06,0.41525392223305313,0.00019929290934918748,0.481120793658721,0.0004941345967210267,11,6,4
105,0.9920502491464399,6.597151206102957e-06,0.4287401837057005,0.0002340032951154388,0.49852571176808724,0.0006472642752907295,11,7,3
106,0.9900242231524208,5.051449208905572e-06,0.42030909262398597,1.7786321002174703e-05,0.5041682245984629,0.00024095386383288407,11,8,2
107,0.985253443066691,2.22066467272454e-05,0.42128614431316863,8.061250736729654e-05,0.552730902631559,0.001309635711966913,11,9,1
108,0.980690415932228,3.6789871371173096e-05,0.4324391986238884,4.485138327142492e-05,0.24738392497656952,0.0005145372851979668,12,1,9
109,0.9938256835792563,1.9088065178762506e-06,0.4249908848324252,7.156998747146607e-05,0.4510891228911648,0.00019913482219549816,12,2,8
110,0.9941078437211939,4.183938989164323e-06,0.4245576411084261,8.17276149763522e-05,0.47504502564366813,0.00031764671939038346,12,3,7
111,0.9938621264401404,4.255473949621055e-06,0.42464991574191513,7.814555237906743e-05,0.47349267336345907,0.0002816064509105622,12,4,6
112,0.9934467771166194,2.9195685653555596e-06,0.42177273573098584,2.3346598121931625e-05,0.4772337784014701,0.00021607145464483258,12,5,5
113,0.9928463322741495,1.7966541654226419e-06,0.42280330314081505,0.00012838144282336275,0.47836433234651216,0.00012079038940362523,12,6,4
114,0.9920167644655787,3.1549018363451794e-06,0.4358433503880775,3.2735614686125246e-05,0.49414686607129643,0.0002724416192637096,12,7,3
115,0.990163790206064,5.529864999310749e-06,0.4270974615111527,0.0002225719317613609,0.5065724727716382,0.00031620760543534155,12,8,2
116,0.984923517463615,1.2787933926665378e-05,0.4113247617941056,0.0002977960595560158,0.5547746887989602,0.00032377457739028677,12,9,1
117,0.9810116712006494,1.5224509925044567e-05,0.4197515674535021,7.57716181247536e-05,0.22160554945007227,0.0007463767451505326,13,1,9
118,0.9937368185535636,1.525735059980138e-06,0.4268584664394994,3.2246642549953866e-05,0.4502441367779835,0.00024777749134419355,13,2,8
119,0.9940348070399807,1.8592831793718043e-06,0.4232012829256175,0.00026669085175369707,0.4636163273479217,0.0003515816595723828,13,3,7
120,0.9937695311392614,1.6623129175293394e-06,0.42542026978665964,0.00019603126153590748,0.470778433524082,0.00022209933332157194,13,4,6
121,0.9934704194130467,2.4358367860921532e-06,0.429092209059119,0.00014059604494388354,0.48066018130561033,0.00018061605947362886,13,5,5
122,0.9926496108557815,3.953907059177624e-06,0.4171662661188251,0.00023369165766403823,0.4678750780605891,0.0005816197599132076,13,6,4
123,0.9917984490637999,3.399386263250278e-06,0.4164693971036191,6.255144726807374e-05,0.48646520206491106,0.00019282395887842328,13,7,3
124,0.9902982687956629,1.0930237408378352e-05,0.43046874645480493,6.388388689983542e-05,0.5093521295053531,0.0009392071763637006,13,8,2
125,0.9850584916896508,1.4025222663159158e-05,0.42051955900198734,8.080773866087284e-05,0.545968361067668,0.0005413268475465877,13,9,1
126,0.974875509878139,3.222325110401488e-05,0.43508208823090266,7.022584137043792e-05,0.23235363842592133,0.0003188264799996468,14,1,9
127,0.993728754650742,8.461539200582281e-06,0.4298252748445591,6.759599775643553e-05,0.45304709188816006,0.0003146691066831637,14,2,8
128,0.9940402419734885,4.983728024172153e-06,0.4187498736807472,6.19353072991531e-05,0.46724260708078663,0.0002646710106017772,14,3,7
129,0.9938370161278799,1.2833988365813588e-06,0.42146555947725645,3.8115996141961205e-05,0.4716980185526384,0.00014974986125373355,14,4,6
130,0.9932852773603271,1.3623261839788555e-06,0.41300052532629905,7.289274747247581e-05,0.46779078007620567,0.00022639644077428352,14,5,5
131,0.9927978372677703,3.4680469636364486e-06,0.4209564266816678,5.353910545303965e-05,0.47787142440095925,0.00025140092245354854,14,6,4
132,0.9919412886469505,8.79167279734432e-06,0.4274813738168368,0.0002658624698372386,0.49370316102585377,0.00023048301018291638,14,7,3
133,0.990055159585173,1.0925542503253527e-05,0.4209650425340965,0.00012763503923050098,0.5041346108036374,0.0004049447691138992,14,8,2
134,0.9853674882273432,8.54618576310562e-06,0.4308920219728801,9.994460752296938e-05,0.5600154096754347,0.00028801457459142914,14,9,1
135,0.9788525202886624,4.8821600349624396e-05,0.43370009223937095,0.00013467723524948448,0.23737382562107523,0.000550737051290874,15,1,9
136,0.9937239841258286,1.6706888339434075e-06,0.42194636451464657,0.00011623789158821652,0.4507675415018198,0.00029666294817165583,15,2,8
137,0.9941502377950021,1.3851816482105944e-06,0.4281967214229534,0.0001791574160764563,0.4701521161882675,0.00011342694535582453,15,3,7
138,0.9939068599502823,2.0652107697675153e-06,0.42680677890029306,6.827592833036606e-05,0.4718514520979756,0.0004923185533092521,15,4,6
139,0.9935121344759801,1.2563390598166847e-06,0.42219130736919047,0.00011305491879413128,0.47909666697669867,0.00017479926200120847,15,5,5
140,0.9929901420980116,2.418982895893479e-06,0.4318034451280863,5.500590202527278e-05,0.48544589913560954,0.0001444762887235458,15,6,4
141,0.9918574191885973,2.611569172645474e-06,0.4214845903071481,0.00015843632522307856,0.4843448962972466,0.00023460730231913683,15,7,3
142,0.9902642025822297,6.734881691149043e-06,0.4335655400716525,0.00027502499859659817,0.5115004991440217,0.0003671077606594223,15,8,2
143,0.9852736270048608,1.6072710799201444e-05,0.42901164167171646,7.735916044915693e-05,0.5607689350485539,0.0008067690620085327,15,9,1
144,0.978436510459688,2.066176927425293e-05,0.4240001316141346,4.135727052241216e-05,0.2270097855477732,0.0032063648799087693,16,1,9
145,0.9936934725740216,1.048674062000768e-06,0.41976308633975146,0.00012150761513282899,0.45341961779744533,0.00015182950709089756,16,2,8
146,0.994147295593501,2.1316280132477562e-06,0.4373436793415708,5.081070988949031e-05,0.4732798043374556,0.00020020009373938666,16,3,7
147,0.9937358098626856,3.4293001685491223e-06,0.4173683869663704,5.3719365667493374e-05,0.4684781086763039,0.0004979450951751927,16,4,6
148,0.993577956672388,2.305389592135777e-06,0.43038006982184696,0.00015080932153183586,0.4786614500610527,0.00018322977228787954,16,5,5
149,0.9929547905073418,3.995998286810674e-06,0.4346388324400134,0.0002001410659319847,0.4823318871147546,0.00041264515134845775,16,6,4
150,0.9918947928700079,9.767176615032542e-06,0.4247031074065123,0.00013985255941955434,0.4870667526160235,0.0006954601707691555,16,7,3
151,0.9899916112261465,1.0145051207086323e-05,0.4164245552326558,7.332565890301062e-05,0.5012296525804281,0.0007173632307352024,16,8,2
152,0.9855234516564039,9.620685128177557e-06,0.4320063439247732,0.00017080192666788557,0.5602895924528261,0.0009543925855724803,16,9,1
153,0.9793129176486923,8.976371474706491e-06,0.42669133742166787,0.00018321904881693274,0.23252180383288695,0.0005738079877207265,17,1,9
154,0.9936072645617483,3.188851023037844e-06,0.41963897656432003,6.793285911978357e-05,0.4432661139676774,0.0001917611449259926,17,2,8
155,0.9941217584130677,2.3793906867872806e-06,0.4207430034072999,0.0001445112997270233,0.4726605155019673,0.0003445717097870009,17,3,7
156,0.9939517377874842,1.8652110917087877e-06,0.4279934917287235,6.910235551572052e-05,0.4792410480336195,9.651438076244043e-05,17,4,6
157,0.9935040100397449,1.3358762712494853e-06,0.42781416029677305,9.847434796815251e-05,0.4750729788357137,0.00013378477330929403,17,5,5
158,0.9929238696864668,2.369668938480819e-06,0.4237670950256807,0.00012965139074558158,0.48257598601741575,0.00014111579226180462,17,6,4
159,0.9918793990457885,6.051608425384082e-06,0.4204367188202366,0.00012584427955446861,0.4936398321262294,0.0002873440480665918,17,7,3
160,0.9899936523517109,6.300275740569615e-06,0.4261410125168031,3.559145839265585e-05,0.49688538462669585,0.0002101784870237711,17,8,2
161,0.9852781928561362,6.835578941814335e-06,0.4368636728607331,0.0001474352714067811,0.5575220386760324,0.0002650210008475984,17,9,1
162,0.9769597802888594,2.0826481989120707e-05,0.42988937732446014,6.889301217716336e-05,0.22001194440115523,0.0007715200722484774,18,1,9
163,0.9935177458536532,2.6761871492896486e-06,0.4131318506418603,0.00017811777369335116,0.44339075404781214,0.00023837626362062503,18,2,8
164,0.9941123192281504,3.7355047904223267e-06,0.42927787106164733,0.0002025072012944234,0.46922331034569215,0.00019423604407252298,18,3,7
165,0.9939330148375611,1.0514141053003463e-06,0.4237702229221835,0.00011902647011627074,0.480270925438479,0.0001770026479751113,18,4,6
166,0.993420816602008,6.306431102580291e-06,0.42145515355558166,0.000207255516841278,0.4749165434280585,0.0004877220118403693,18,5,5
167,0.9929220929478823,4.950969712227623e-06,0.42379716073540946,0.00012194275792127556,0.48365483243221524,0.0002752514977827971,18,6,4
168,0.9918853075527945,3.360561073099298e-06,0.42118636732103526,0.00011442994966741869,0.4886508422791214,0.0005297670126788511,18,7,3
169,0.9900524332401406,8.099934724342154e-06,0.41658367837221705,0.00021158146788388164,0.5089150701803111,0.00041102969964444924,18,8,2
170,0.9849475898858425,7.02025580628269e-06,0.41234551564781674,0.00019159299743080714,0.5560796190077728,0.0009499015322086835,18,9,1
171,0.978768210312133,1.0572114848606812e-05,0.4287967348217618,0.0001680590853813473,0.2292785023948628,0.0006782896994577264,19,1,9
172,0.9935680825929362,5.651656794528484e-06,0.41757831318612965,0.0002066149795845895,0.4421475350821946,0.0005102593280633617,19,2,8
173,0.9940595986257396,3.730260291201565e-06,0.4288306073837088,5.490119623263275e-05,0.4700434809332679,0.00034911456389927757,19,3,7
174,0.9938179286553853,4.366402384691419e-06,0.42685539607560263,0.00020131115359517312,0.46947322845924233,0.00048523915559799173,19,4,6
175,0.9935087555918883,3.869465461532945e-06,0.43185048331660947,0.00020695235590296367,0.47538796613491424,0.0004722334388947731,19,5,5
176,0.9929853327952892,5.299918272129641e-06,0.43390885308010707,5.9621849855849e-05,0.4858320519077728,0.00033491115693928906,19,6,4
177,0.9917652212864052,3.1147014958516294e-06,0.41730898396096183,4.979115664236526e-05,0.48132970181715706,0.0003200574133580669,19,7,3
178,0.9903685190076321,6.469881694194049e-06,0.43507370817883756,0.00012536210751750744,0.5145387388847155,0.0002889696875098268,19,8,2
179,0.9852781272144461,9.268121901848784e-06,0.4170217379197113,6.706468163511816e-05,0.5609037327385467,0.00030007083234477177,19,9,1
180,0.9827877846280804,3.6958827833763874e-05,0.42838464368111806,0.0002652431373380815,0.24509315789558708,0.0017927874561085293,20,1,9
181,0.9934543190760835,2.5198162600846636e-06,0.41513666658958653,7.738030461236376e-05,0.440511878372208,0.0002681624951456267,20,2,8
182,0.9941250929870964,1.6089278219143327e-06,0.42187860294250695,3.1781494536541905e-05,0.4673185754383455,0.00034668298540364807,20,3,7
183,0.9939417245761452,2.9580497333524807e-06,0.4278623953988553,0.00021344362466390942,0.4786402809087181,0.00015770797933427805,20,4,6
184,0.9934694525308277,2.3567078519430022e-06,0.42431821128605257,5.068066462565276e-05,0.4744888557915495,0.00019136894311270387,20,5,5
185,0.9928093827117783,2.718981423449386e-06,0.42559653984760315,0.00011989033200292452,0.4763783047786817,0.00019945060055340157,20,6,4
186,0.9922710070106483,3.859519561895258e-06,0.43654927576729063,7.463002518495922e-05,0.5023766401348376,0.00017150389017219525,20,7,3
187,0.9904299203725029,8.11163943567804e-06,0.44117257727150727,3.7470263385970036e-05,0.5136950212273335,0.0005414631781550235,20,8,2
188,0.9853430877165283,5.924993702625476e-06,0.42712099560742356,5.297422472595869e-05,0.5558942709139494,0.00029658127091013994,20,9,1
189,0.9786672742407602,2.620338473078111e-05,0.42526845744326486,4.201879472087688e-05,0.22948333502303558,0.000255538422840793,21,1,9
190,0.9936547852798897,2.0728979527091244e-06,0.4255528824079378,3.7892476491875174e-05,0.44622168266040674,0.0002802743603330481,21,2,8
191,0.9941404134762799,2.221232324508776e-06,0.4254113047870011,7.004978281745941e-05,0.4727356687640805,0.00019408876178878397,21,3,7
192,0.9938779035561522,1.7529349625891738e-06,0.42992904706192614,0.00020799390424338371,0.4757357695994214,0.0001248641183568669,21,4,6
193,0.9935396248082686,3.981325997723565e-06,0.42973384095008865,7.900071358904772e-05,0.47756575310745014,0.00016501338653695946,21,5,5
194,0.9927743791176763,4.600422956390827e-06,0.4189275313026542,8.379180998469588e-05,0.47358120757245536,0.0005287115005096217,21,6,4
195,0.9917239928056604,6.807043238095031e-06,0.41437998835752726,5.73742861044718e-05,0.47880950117348753,0.0006127033219020969,21,7,3
196,0.9901807113946132,1.209151707590463e-05,0.42267855653922637,4.591349164689346e-05,0.5086225756551755,0.0006871488239140978,21,8,2
197,0.98520368628238,1.1506034439666293e-05,0.42695276734282556,0.00018054869084173567,0.5590260601441975,0.00026046181915227696,21,9,1
198,0.9774049838049541,6.626809475863417e-06,0.43071508474297526,4.726428270319624e-05,0.23066880631661324,0.001134677091045615,22,1,9
199,0.9936930996040307,3.129201432044725e-06,0.43285417459134806,9.464318558267432e-05,0.4482930080476853,0.00037754411014771105,22,2,8
200,0.9939486601741728,1.595652835757566e-06,0.4196716966190635,6.578973829538688e-05,0.45934960314063633,0.00034467735267144445,22,3,7
201,0.9937390817581755,4.403572546853199e-06,0.4173222437126182,0.00010264974541352939,0.4660288562426986,0.0006919090943405364,22,4,6
202,0.9934694881384335,1.6704019666875695e-06,0.42846570760624814,5.0398372501141065e-05,0.4765830792528406,0.00018832924421359354,22,5,5
203,0.9930500743594137,3.5357461829741094e-06,0.437982399453876,9.124947540590477e-05,0.490614475456015,0.00040494144120152114,22,6,4
204,0.9919256681619563,3.95754668851306e-06,0.42643505947432025,0.00017167127772783346,0.4899525927748752,0.0005205864617258752,22,7,3
205,0.9901184775706899,1.060595642854564e-05,0.425369217399037,5.881444029661916e-05,0.5050532810026627,0.0007756531485678948,22,8,2
206,0.9849538009847159,6.213945238808702e-06,0.417657009221427,5.3914024881908334e-05,0.5620463981943261,0.00034452767457369076,22,9,1
207,0.9753105414035401,7.2102267730243145e-06,0.41846495999535677,6.275245553313671e-05,0.22951012556510506,0.0006679345176894437,23,1,9
208,0.9937717284720968,3.078294002076623e-06,0.4309139411104146,0.00010963200489506596,0.45046911393052363,0.0002959695057103001,23,2,8
209,0.9940920842122314,3.95829044080079e-06,0.43202875646091254,9.39370791099819e-05,0.4712809664316403,0.00016511533032245474,23,3,7
210,0.9936489785978536,4.333991681817335e-06,0.415618094786025,5.3952662490559564e-05,0.4630157717485462,0.0002679016997453436,23,4,6
211,0.9935292550960243,6.131716219493389e-06,0.42864446279646334,5.173173042094672e-05,0.48163577612650793,0.0003733759695799727,23,5,5
212,0.9928703332110729,4.447564990958337e-06,0.4317860046948204,7.013381975962841e-05,0.4793505501540604,0.0004615415603928766,23,6,4
213,0.9920466435235996,5.7972161190694e-06,0.4301555742809817,0.00022706243582884915,0.4923074758585333,0.00038682459086053256,23,7,3
214,0.9899116435760107,3.660575231824644e-06,0.4216178439334562,4.441660843074406e-05,0.502159508285527,0.00036268480415257574,23,8,2
215,0.9853822928978123,1.3221502205116768e-05,0.4291967050289266,0.0001611089641464567,0.567314707913299,0.0006680486649715297,23,9,1
216,0.97667919520291,2.9223602378552707e-05,0.4297513640207051,7.585634193636209e-05,0.2375739462389631,0.0006219151746718171,24,1,9
217,0.9935631401229488,3.3317647942501216e-06,0.42241287830546276,5.038478926055091e-05,0.44212014002000516,0.00034206754283058906,24,2,8
218,0.9940665633352531,9.31950203665864e-07,0.4279646923533796,4.62822473063219e-05,0.46501999252872533,0.00030011146979959114,24,3,7
219,0.9940291278509317,2.314832805921716e-06,0.4465871629757272,4.8378470868718206e-05,0.4837827324195797,0.0004151361628450448,24,4,6
220,0.9937598492876353,1.6820211001141902e-06,0.4471655512605601,7.958509988285739e-05,0.49449081197737477,0.00041232446694481186,24,5,5
221,0.9928840124360985,2.314238070486958e-06,0.414665456062582,8.926336096048569e-05,0.48014850726341934,0.00019272946209628972,24,6,4
222,0.9921168358794894,4.021654852663391e-06,0.4309402476975414,8.884165595875895e-05,0.49742207060605714,0.0002906291845937827,24,7,3
223,0.9901504834004622,3.7649274179585507e-06,0.4291491858336021,6.630249383028606e-05,0.5015177704524769,0.0002963068937091079,24,8,2
224,0.9849652644522595,7.53118987623762e-06,0.42111993656728075,3.90916795935497e-05,0.5614001520731576,0.00026144856562553996,24,9,1
225,0.9812856741682647,1.3169176563027044e-05,0.4297155232297123,9.198735962405468e-05,0.23177066269841806,0.0009489951052424801,25,1,9
226,0.9936988674776103,2.9044899816718304e-06,0.4169705559950138,0.00011938569204835048,0.45104623626635654,0.0002155511521795502,25,2,8
227,0.9941941887674857,2.55601394224767e-06,0.42994761334855375,6.277744627250646e-05,0.4755037355466203,0.0003214109966449925,25,3,7
228,0.9939445103555347,1.6540075499205591e-06,0.42842277067472373,8.12244336504552e-05,0.4790295154184334,0.00013292329837225183,25,4,6
229,0.993474608842966,4.065508517876209e-06,0.42462114486491487,7.294192545316769e-05,0.476281331651457,0.00018350309554035377,25,5,5
230,0.9928630502431938,1.829222737873411e-06,0.4320037154323201,6.479177275474498e-05,0.4844842907250288,8.762833305691687e-05,25,6,4
231,0.9918766118520056,2.181861253121096e-06,0.4212890897065112,5.746982701595039e-05,0.4911024010715772,0.00020956136692026268,25,7,3
232,0.9901696028504134,6.447034810582287e-06,0.41992798502993867,0.00016980736906117245,0.5111425054290699,0.00031000112773929464,25,8,2
233,0.9851288940054233,8.26660575354401e-06,0.42070563724760834,0.00016080849407354623,0.5566872252709334,0.0001998327352352787,25,9,1
234,0.9809240382036065,2.2284195112559734e-05,0.4274971046050259,0.00011486289100722908,0.23491253486976918,0.0006284687598484336,26,1,9
235,0.9936077747260327,4.169221896445045e-06,0.4241673424662173,6.783943941869388e-05,0.4443510442168497,0.0003526746805230227,26,2,8
236,0.9941963048585436,4.403684530530486e-06,0.4423627485680973,5.879437627058387e-05,0.4782694964198911,0.0002518939827128096,26,3,7
237,0.9940595642950468,3.998323078886701e-06,0.43398244665258473,0.00032626225293432346,0.4865670099579596,0.00017349185899308072,26,4,6
238,0.9934730273389444,1.4713506061598154e-06,0.43236188595592134,7.138139272967112e-05,0.4776423209768761,0.0001827129317370131,26,5,5
239,0.9927639532418889,3.929853027497337e-06,0.424286046736008,0.00011661743246629837,0.4769335240310335,0.00032244036297329114,26,6,4
240,0.9919207781745503,4.374139362510717e-06,0.42636582741522505,5.868954070459638e-05,0.4867876360421762,0.0005371069921395523,26,7,3
241,0.9901804895393328,4.98799955644903e-06,0.42712054499423346,3.5416236905909686e-05,0.5054283322729598,0.0006465186728753981,26,8,2
242,0.985195504769978,5.292811415809066e-06,0.4233705826603056,0.00010914658576032101,0.553226328994341,0.000761849960194798,26,9,1
243,0.9805653237987842,2.7022480156387798e-05,0.4413467523992054,7.533572687365414e-05,0.2606048916689,0.0007689345686096577,27,1,9
244,0.9936796276326625,2.422100588313533e-06,0.4203433368701416,3.8844461422472655e-05,0.4547469868716166,0.00013337198474059136,27,2,8
245,0.9942098119434929,3.569689911856978e-06,0.4274447191953124,0.00014644813755027483,0.4761063021925609,0.00020539347014947342,27,3,7
246,0.9939367090197048,3.5373788909640566e-06,0.42837656334801455,8.023994187004789e-05,0.47776028048325575,0.0003094016865088014,27,4,6
247,0.9934217121268561,1.3138549690669987e-06,0.41970253375956734,8.109763855549105e-05,0.4724337788277955,0.00019942288932932645,27,5,5
248,0.9930958589947259,3.1231119663059875e-06,0.4443778465191688,5.390992843913691e-05,0.49244081530558276,0.00016008783482247132,27,6,4
249,0.9920675065147416,5.342888708418247e-06,0.4340095168166565,9.324288872882522e-05,0.49413304722802626,0.00022539140894555745,27,7,3
250,0.9899387242981327,2.3081216593661e-06,0.4139670039483196,0.0001146594107461289,0.5008001718822434,0.00019497680079461952,27,8,2
251,0.9855893731286263,9.726510574316419e-06,0.4373581882191078,9.026743475913776e-05,0.5532284568143726,0.00041616158266290936,27,9,1
252,0.9736945683897541,3.8168471208596174e-05,0.42402865103086823,6.103471069563241e-05,0.2102047448018023,0.0002726793433738984,28,1,9
253,0.9939423853729369,4.5202937798525905e-06,0.4350282933325459,8.191276227236468e-05,0.45983931022590385,0.00033197883370580684,28,2,8
254,0.9940184454078566,1.1412645424075754e-06,0.41710966380342834,3.957239038843124e-05,0.47123950184415336,9.832428364081276e-05,28,3,7
255,0.9938727003727783,2.658388774660927e-06,0.4284717315602611,0.0001233053689482154,0.47358292123784934,0.00034542860134913417,28,4,6
256,0.9934772854694451,2.319739003988745e-06,0.4173029606045286,0.00016839181080896833,0.48015412717314293,0.000129213095684581,28,5,5
257,0.9930183320787606,1.658498315275199e-06,0.43551809599620755,3.660683711211205e-05,0.4868089997642691,0.00021542801091609573,28,6,4
258,0.9920007711527585,1.327177355696521e-06,0.4294732716260088,3.569659602131341e-05,0.49845217656513935,0.0006159818801232516,28,7,3
259,0.9899479296976352,9.438411636398392e-06,0.4178090992200507,4.738012838959309e-05,0.5007183004411168,0.00036809961081357966,28,8,2
260,0.9852172813341735,7.577886239715254e-06,0.4240124174073736,0.00015521296639786863,0.5539605785138229,0.00027770244654141046,28,9,1
261,0.9790672256770288,1.0372847191996921e-05,0.4211159843332687,0.00010074622185962612,0.2188080777943281,0.00029162376222255143,29,1,9
262,0.9938588347124221,1.647811471076337e-06,0.4375585879544663,0.00015635093334726588,0.4597695348255187,0.00016602264231156338,29,2,8
263,0.9942385794340594,5.276128458560911e-06,0.43108802973512667,0.00023240269516768745,0.4745611457599588,0.0002796995752837623,29,3,7
264,0.9939821048796562,2.393456139266897e-06,0.43189912643861955,0.00017391003331554856,0.48035190210229767,0.00021558866408812245,29,4,6
265,0.9933515296673985,1.4710718955711926e-06,0.4266103026048508,0.00011169348187465563,0.4756492366174275,0.00034705621159770284,29,5,5
266,0.9928662731080625,2.7236075774211396e-06,0.42596886181243976,0.0002153396396409872,0.4791960193993584,0.00021057906314984128,29,6,4
267,0.9917571666252107,4.079832386547014e-06,0.41954818380742726,8.786003106598776e-05,0.4822883956961563,0.00030492780919681283,29,7,3
268,0.9900153607346409,1.0290273855736685e-05,0.4210687190762635,7.536497459475542e-05,0.4993267114353504,0.0003121330452564313,29,8,2
269,0.9854348099707824,9.93662561881361e-06,0.4310611190002316,0.0001363488601951677,0.565089532933873,0.0003128786830269116,29,9,1
270,0.9817471708021354,1.4856443098815822e-05,0.4195428022075936,5.371701642175822e-05,0.2376547984254508,0.00045379620652648874,30,1,9
271,0.9937910057087392,2.352849193141355e-06,0.4213838876346087,9.341309263499747e-05,0.45342513805243306,0.0001952576636082914,30,2,8
272,0.9941350304959058,4.123935063757067e-06,0.4273154125022528,7.174037165093019e-05,0.47415667443202186,0.000284613639308587,30,3,7
273,0.9938603680711136,1.0153600525770333e-06,0.4236961208134192,0.00012154854407611396,0.47110849646350794,0.000202867083800499,30,4,6
274,0.9933706832108596,2.965700442644176e-06,0.4249978525838531,3.836804048135445e-05,0.4683639862927351,0.00022023648499816471,30,5,5
275,0.9928662341715904,3.510771976450897e-06,0.41990493853619587,6.41677800497556e-05,0.4769747786622237,0.0002903860559126724,30,6,4
276,0.9917951434261889,5.610923538297027e-06,0.41988931181635725,5.192649178879128e-05,0.48247163171611246,0.0003324264804789778,30,7,3
277,0.9899461468767843,7.585048585406861e-06,0.42145127233345464,8.981308858114409e-05,0.5049627343462766,0.0005169049875713381,30,8,2
278,0.9852459885961985,9.300312554561196e-06,0.42939807707913963,8.635406927677572e-05,0.554008373755076,0.00025745312319996075,30,9,1
279,0.974922160042547,2.4899499424110388e-05,0.42608523682335814,6.485568054870307e-05,0.22278171411717537,0.0003125712491253126,31,1,9
280,0.9934901418215017,2.7030029719868303e-06,0.4167648618310306,4.2954006971487815e-05,0.4406099472888793,0.00019239377292024122,31,2,8
281,0.9941495691704866,2.1729320911635972e-06,0.43149937799102295,0.00023322035802976902,0.47094017776398706,0.00047807131451076194,31,3,7
282,0.9939459749428216,2.695302148321297e-06,0.4308137778012594,0.00016654453726484895,0.4822891039586168,0.00012042787933109525,31,4,6
283,0.9936954117473074,3.2219745477607918e-06,0.43767181412853756,0.00011193970012917863,0.4864916743881977,0.0002856962490275618,31,5,5
284,0.9928677597832872,3.1561739858017314e-06,0.42836638520308196,0.0002005139864351066,0.48051663718986537,0.000244831196355562,31,6,4
285,0.9917300977419673,3.479935707678296e-06,0.41575386488665533,8.618312841202927e-05,0.4834206352262658,0.00042324334469211953,31,7,3
286,0.9901215156166505,8.779845048862414e-06,0.4260551338237704,0.00024708549397176163,0.5079169341496316,0.0002435443907782821,31,8,2
287,0.9850912783808302,5.5271717922098706e-06,0.4207343058266937,0.00010635075234709781,0.5539082089428744,0.0004273381784340055,31,9,1
288,0.9794087235369615,7.237140812295149e-06,0.4256645130469536,8.955393020205183e-05,0.22414199719559874,0.0005801762990726391,32,1,9
289,0.9936348067505149,3.028606314612486e-06,0.42298708537638563,0.00010756828659184348,0.4487160925746987,0.0001873910078455557,32,2,8
290,0.9941617325716652,3.237465256739817e-06,0.42812441236671034,0.00010339391206080594,0.4730535503184631,0.0005575932372458346,32,3,7
291,0.9939622418655482,3.86735340546657e-06,0.4295161848319941,0.00011972741684306115,0.48303219003287745,0.00014371214575179838,32,4,6
292,0.9933798042982096,1.9319901979306133e-06,0.425014829327509,0.00014026210023565966,0.472587780029536,0.0002078003643224927,32,5,5
293,0.9928903559386684,2.993673712131813e-06,0.42549162898020415,2.8810097789369362e-05,0.48000997747415214,0.0004092300768919203,32,6,4
294,0.9919260085731323,8.486523788843812e-06,0.43128359353710266,0.00023634363076971147,0.48601692203914204,0.0004266697836077978,32,7,3
295,0.9901050572597428,3.2699428858916104e-06,0.4189628607559093,8.575834828744825e-05,0.5060640104778149,0.00023885135183758337,32,8,2
296,0.9855092961101088,4.689415046724579e-06,0.4355948304981862,6.650004684576841e-05,0.5667135623443194,0.0005240216616668601,32,9,1
297,0.9791922823646645,1.3519282754399268e-05,0.4232478712787738,9.690949783367651e-05,0.23685298433935575,0.00028562342428927037,33,1,9
298,0.9936195038614773,1.663243717171841e-06,0.4212912075027678,0.00010658465602608729,0.44810096233701324,0.0003344046284855278,33,2,8
299,0.9939887532426983,9.336073222418576e-07,0.4148103909794871,4.3030480043913515e-05,0.4624060487269393,0.00017395947314092713,33,3,7
300,0.9937766073512876,2.700931708367488e-06,0.4157540439798112,0.00018522230156791883,0.4711520227005379,0.0001636932418508688,33,4,6
301,0.9934664033687379,3.55231778107868e-06,0.4212666312944379,0.00012954703302516782,0.4745656115503208,0.00041112657857934903,33,5,5
302,0.9930143044910649,2.149615447386721e-06,0.43576588451677056,0.00011020227709483429,0.4865012885195149,0.000262838460486822,33,6,4
303,0.9918497649923869,4.710065106707416e-06,0.42609227018785895,0.00017224957770875063,0.49133129630412486,0.00037049432263308043,33,7,3
304,0.990380307806161,7.371312076431292e-06,0.4339075725759953,0.00024360209351572825,0.5119372214395066,0.00043543409293965766,33,8,2
305,0.9851215969259243,1.2039277846043591e-05,0.4271845464417016,4.66652052563046e-05,0.5529590935106965,0.0004944058382771541,33,9,1
306,0.9814029145091169,1.782585368121006e-05,0.43513247504106173,3.525627460841242e-05,0.24955159201286373,0.0002672848663861452,34,1,9
307,0.9935802939750507,7.555657027063705e-06,0.4189225900286596,6.36266067178189e-05,0.44323305837872634,0.0004276461705175092,34,2,8
308,0.993981391439584,2.1279742453015936e-06,0.4126622405267297,0.00018580726306746993,0.4651786630994554,0.0001470643397791839,34,3,7
309,0.9938896605728785,1.4252087106895358e-06,0.42628458517107676,4.9268053615955334e-05,0.4766504423055235,0.0001876239579414758,34,4,6
310,0.993540212127297,2.824543774944435e-06,0.4310387303237394,0.00019229393861609233,0.48248475777046973,0.0002763074853810262,34,5,5
311,0.9928656860591015,1.5548972937561657e-06,0.42983969801003624,8.563955568058672e-05,0.4784681499730972,0.00014261370035635688,34,6,4
312,0.9916766855722214,3.050980613832775e-06,0.42052204557818634,9.701376698430422e-05,0.47597246719493297,0.0003891904794416414,34,7,3
313,0.9902084026336914,6.948105037343018e-06,0.43100495985410936,6.502588999983762e-05,0.5111541767438843,0.0002790061701610261,34,8,2
314,0.9851661294103338,1.3257971722915691e-05,0.4222812786137308,0.0002222417428670264,0.5592566854978891,0.0002954017734666142,34,9,1
315,0.9791275254106833,1.3219222074245947e-05,0.4258147791978101,6.539301607231248e-05,0.22903721853844325,0.000521710965508805,35,1,9
316,0.9936497135168969,4.215223404481417e-06,0.4345351486459506,0.00013371957687562062,0.44552689794844386,0.00020464702511612686,35,2,8
317,0.9940678003385341,2.2030041984663866e-06,0.4230863999624775,7.994140596383697e-05,0.4668753494891115,0.000261556625539179,35,3,7
318,0.9939652248796849,3.0510038894544367e-06,0.4241896110020313,3.871420770829284e-05,0.4817325874146413,0.00022562282966889324,35,4,6
319,0.993566281154684,3.6591838034981874e-06,0.4317347847148536,0.0001148864307952163,0.48053694828458887,0.000301738522328086,35,5,5
320,0.9927429221229827,3.507880818173577e-06,0.4201951279751242,4.828161837119504e-05,0.47294681529116983,0.0004184712940367058,35,6,4
321,0.9920390196259061,3.358522586501396e-06,0.43306471250214557,4.2581584669108095e-05,0.4976791394092108,0.000307584233664569,35,7,3
322,0.9900167874474494,1.360079273536386e-05,0.4265826150334854,9.988969638818052e-05,0.5079922322145994,0.00028127351368265074,35,8,2
323,0.985021237460061,1.654500164189022e-05,0.4262225429075709,0.0002799925460928723,0.5532464168397558,0.00024669219217319697,35,9,1
324,0.979495070042597,2.447125702939484e-05,0.4325629329761771,4.5578859930319514e-05,0.22950102382190068,0.0005226864545070276,36,1,9
325,0.9935069589620716,3.7616431207484026e-06,0.4195179272049365,0.00013487930452512373,0.4422719007292292,0.0002303253647000155,36,2,8
326,0.9941063067027367,3.689066535214832e-06,0.4242410483291767,0.00013588710265351764,0.47219351896658984,0.0005814847287157334,36,3,7
327,0.9938892128395811,6.9351721272648176e-06,0.42905798419482005,0.00017526411865054952,0.47564256379997505,0.0003173845452068299,36,4,6
328,0.993420878038337,1.868471970307497e-06,0.41986156942891206,6.372335131334475e-05,0.4729105865046118,0.0002048572336191109,36,5,5
329,0.9928736110672378,4.947956847644831e-06,0.4222176183370228,6.471039820932755e-05,0.4815143097229596,0.00025992297714997427,36,6,4
330,0.9922062618090216,1.8798976097230063e-06,0.4362901488714,6.317885052795787e-05,0.501400046473902,0.00020062964516549204,36,7,3
331,0.9901091320804488,7.622111858474169e-06,0.4270421127822688,0.00010636585415394301,0.5122576792514771,0.0002742885884458414,36,8,2
332,0.9851123539620575,1.6967307457748553e-05,0.42510601983494495,0.00015276898569993664,0.5555696446255083,0.00032267952623358213,36,9,1
333,0.9831343940239926,1.0672164938713065e-05,0.43466185601123275,9.745514448316593e-05,0.24937361767167407,0.0005016993338755422,37,1,9
334,0.9936671420161806,1.4609688154283635e-06,0.42912348628353014,0.0001101330858006966,0.4535922581588339,0.0001089516051878908,37,2,8
335,0.9942284026942677,5.760276998105567e-06,0.43266701492000686,0.0001813153723601212,0.476618191536066,0.000621448332361087,37,3,7
336,0.9939127665402154,1.747622794605088e-06,0.42632556773743907,3.023630485611873e-05,0.47329107366081374,0.00046536423857439506,37,4,6
337,0.9934310743849407,2.120093843243148e-06,0.4261757959912423,4.24899889861755e-05,0.4718095021743016,0.00016791912851434214,37,5,5
338,0.9928801699605859,1.4689275071008282e-06,0.419242317476851,5.938753724108332e-05,0.4817307615350164,0.0002557056637899538,37,6,4
339,0.9920068287508318,5.334505628798156e-06,0.4285375597877616,0.000145889420688929,0.49120857249057204,0.0003244053831012545,37,7,3
340,0.9901839743140995,8.699881133251602e-06,0.4286701870114043,7.198536021928895e-05,0.5038657990395544,0.0004311543060370731,37,8,2
341,0.985254141798747,1.5515843596867474e-05,0.42640158485746077,9.751664553396002e-05,0.560909336656627,0.00039410226616940343,37,9,1
342,0.9774359684719726,2.4659699474502742e-05,0.42340594585342606,8.11392180170289e-05,0.24334419460305176,0.0003782804419528793,38,1,9
343,0.9933793067508022,1.775274152632957e-06,0.4120463807026517,7.94174711290197e-05,0.43237545575975816,0.00017376463016692298,38,2,8
344,0.9941758880224332,3.011756464893465e-06,0.4299590977561345,3.549534063997448e-05,0.47536433362940794,0.00022041687017587924,38,3,7
345,0.9939052682865566,1.210608010723881e-06,0.4333792270677553,0.00016253165177594647,0.4754372925151877,0.00023042424811934635,38,4,6
346,0.9934572807462684,4.75501198202321e-06,0.4297563459495585,4.67190973548336e-05,0.474484930046063,0.0002990683625394135,38,5,5
347,0.99292187133728,3.854857308289361e-06,0.41975375657999997,6.660099562648003e-05,0.48035164089612664,0.00036170972988607605,38,6,4
348,0.9918754774534003,4.696937904418848e-06,0.4310361902602772,6.640070444561454e-05,0.4911505776129392,0.0004134197779048696,38,7,3
349,0.9900130791237388,5.8147216715762e-06,0.4202559631888738,9.544965380047544e-05,0.505541352971633,0.00034678434149895774,38,8,2
350,0.9854937952602673,1.1440093941502213e-05,0.42626753456013544,0.00015827916176928394,0.5567562935169642,0.00024261801944267336,38,9,1
351,0.9808301928643227,2.5159881651275696e-05,0.42032727171893214,0.00030517253582290654,0.24292954131591488,0.0009760927808142289,39,1,9
352,0.9936630900150779,5.833155469054729e-06,0.41982171199160445,0.0001270769650447073,0.4497807843882465,0.000428231814511789,39,2,8
353,0.9942070278617944,2.1238974082547736e-06,0.43237977060660876,5.020961821263945e-05,0.474118147525404,0.00021744671499522418,39,3,7
354,0.9937965029870611,3.5054100344262487e-06,0.4141450951197932,0.00035717715450526137,0.4693181489330953,0.0004217968364480896,39,4,6
355,0.9934611312026057,3.960917351846559e-06,0.426736736228864,0.0001337019738115137,0.47469456420893574,0.0004176917037482533,39,5,5
356,0.9927730157416795,6.576017035115903e-06,0.42305071473120404,0.0001800572043380141,0.47853451601594954,0.00037721059363243146,39,6,4
357,0.99183782997289,4.958192143661688e-06,0.423433228140557,0.00016996619892542216,0.4846382491006266,0.0005775385260534218,39,7,3
358,0.9901053084871325,4.903237506625024e-06,0.41964463269814234,3.6597639498398554e-05,0.5091477168226122,0.0003712644123619181,39,8,2
359,0.9856521765481802,1.0755232123768525e-05,0.4305323680394822,4.703198984606674e-05,0.5633863432898769,0.00028368530284947655,39,9,1
360,0.9830903379292663,2.80669129348389e-05,0.4304640122230473,5.153617906091054e-05,0.2427126016217601,0.0005668377745242442,40,1,9
361,0.9937806268137859,1.923725172546584e-06,0.4328389563654529,6.850490819542551e-05,0.4577661472737733,0.0003155334479951594,40,2,8
362,0.9941320565572908,2.8070467079893706e-06,0.42175550716490817,8.035610736468098e-05,0.47428126611668164,0.0003266393844784459,40,3,7
363,0.9939144111423525,1.392092967008122e-06,0.42814282056705133,7.03268368217922e-05,0.47549394231142467,0.00027239810413355354,40,4,6
364,0.9934635924227935,5.092938720768351e-06,0.42486357825695015,0.00016848456174360565,0.47653993058405125,0.0003950559713100723,40,5,5
365,0.9929303909812597,4.708471632456924e-06,0.4244523522137532,0.000142029799654356,0.488274764050773,0.00021789751988627416,40,6,4
366,0.9917968808726841,3.348061115800378e-06,0.4228114089039475,0.00015174819368585931,0.48660623505559714,0.00025977762896364326,40,7,3
367,0.9904564641390138,3.875534623402704e-06,0.4380854693443923,5.899752667691726e-05,0.5121128899489752,0.00040878099142482253,40,8,2
368,0.9858169133109737,2.8896779656872187e-05,0.43464215709500353,0.00023578376384967835,0.5617090732162969,0.0002621127951296395,40,9,1
369,0.9804812130529084,2.64991484700695e-05,0.433348691697119,9.198986141437983e-05,0.24797250059318782,0.00031476518779870535,41,1,9
370,0.9935131324699269,3.863206377659311e-06,0.4136158749645414,0.000207588157615117,0.44321768769865183,0.0003014115264846301,41,2,8
371,0.9940538597521669,1.1568786104659643e-06,0.41713475443876985,0.00018429104327439264,0.4683036416395311,0.0002866101291616785,41,3,7
372,0.9937232299001241,2.324559893366114e-06,0.41941812217637836,0.00012656009493962876,0.4645243877741489,0.0002036400877251316,41,4,6
373,0.9933210299535358,2.8392960872666375e-06,0.421471513103362,4.1462739218909606e-05,0.46757815956599885,0.00021241923682078424,41,5,5
374,0.9928300432388457,6.296063531589682e-06,0.4228993158593498,5.009523537139903e-05,0.4789622787534644,0.000288031017640561,41,6,4
375,0.9920476675331529,4.3515132158369574e-06,0.43780663237279144,8.401197373106997e-05,0.4930369055880706,0.0004366159824661933,41,7,3
376,0.990070581984025,3.853105948120131e-06,0.42040709494852485,6.317617557115701e-05,0.5039196171895411,0.0005545155241873289,41,8,2
377,0.9855296692552715,7.61779961599674e-06,0.43042371895650705,2.7547968668170072e-05,0.5594665299715936,0.0002333031772107824,41,9,1
378,0.9789236796847424,1.2399759642025576e-05,0.4248363698664258,0.0001268238050503287,0.22407279906871064,0.0002079192941766779,42,1,9
379,0.9939766610509448,2.985506432401998e-06,0.4350609701263843,7.121813714113129e-05,0.4678600111487356,0.000691922454133582,42,2,8
380,0.9942376577298777,5.357407416032506e-06,0.43862325968538185,0.00011446603499602456,0.4769301761949696,0.0004144087440766386,42,3,7
381,0.9939365335105431,2.383723776224267e-06,0.43596320123739146,0.00019006339142575387,0.4755206811547438,0.00012871460669520873,42,4,6
382,0.9933681543801324,1.3285962172117722e-06,0.41381968498300964,3.598550139863629e-05,0.4728019874977235,0.00029148934841928575,42,5,5
383,0.9926352122956233,3.4180211274156143e-06,0.412380803702773,9.082106840674232e-05,0.47039321054769107,0.0008263840330092711,42,6,4
384,0.9918827587505465,4.3256295802842014e-06,0.416701353495583,3.837483468075598e-05,0.48694109654275913,0.0002488978948752199,42,7,3
385,0.9902463692813585,6.779637985507772e-06,0.43132162386412803,0.00018464028639971467,0.5131749732541262,0.0002937583619118789,42,8,2
386,0.9850086502753699,1.948286219649809e-05,0.4231248127768328,0.0001401128135077577,0.5538756998097955,0.00028540820214525346,42,9,1
387,0.9811764005536757,1.0344114151287851e-05,0.42976175463640287,6.802920647710521e-05,0.22964220521444162,0.0005400772376418849,43,1,9
388,0.9938039100439511,6.2886870338798685e-06,0.43850292090029996,0.0002588928199312965,0.4572881268356198,0.00036657611477960343,43,2,8
389,0.9940042039608388,3.8059407969843794e-06,0.41866574709960047,3.196123986473926e-05,0.46568132797527473,0.0002118206171919791,43,3,7
390,0.9938455001168277,4.701405596981881e-06,0.425076954439562,0.00017780432779778728,0.4668381886430459,0.0003039756584193788,43,4,6
391,0.9936394728560667,4.615707697748789e-06,0.43488549014845074,0.00019178188202934995,0.486373959638853,0.00023802418454964115,43,5,5
392,0.993098897359627,2.9149076000083973e-06,0.44242535492733603,3.684819418732908e-05,0.4913530831686313,0.0002651683309638203,43,6,4
393,0.9921708008561494,4.377234737938699e-06,0.4332371095172613,7.982144018005601e-05,0.4954592631565853,0.00039012530279525204,43,7,3
394,0.9902628175354262,4.404512532827249e-06,0.43503810769082263,6.149201374701092e-05,0.5153964257960855,0.0004967540345127259,43,8,2
395,0.9852271015042429,5.894171623176449e-06,0.4281816453097799,0.0001556187240677414,0.5594311291630456,0.0004089926855799389,43,9,1
396,0.9807733843757486,7.709753091341175e-06,0.4190549886619897,4.8602792605107374e-05,0.23380551704093916,0.00024038014219322966,44,1,9
397,0.9937705130076947,3.028154870416152e-06,0.4366257029987216,5.46294953285896e-05,0.4511983763412412,0.00021873069857790943,44,2,8
398,0.9941670385881056,1.4058963445248797e-06,0.42656436167424716,0.00014237760905171757,0.47438336248080704,0.00018689885296150336,44,3,7
399,0.9938791606164239,4.300770599524437e-06,0.430053983476543,0.00018398222493532694,0.4738584231083969,0.00018825716220121648,44,4,6
400,0.9934667376864545,2.3551564089537093e-06,0.4192928953158672,0.0001282579544904086,0.4791296673732384,0.00022718374467720968,44,5,5
401,0.9931347731591678,2.849333117060404e-06,0.43942362638090365,3.1861912087537426e-05,0.493409834791071,0.00021545339333311025,44,6,4
402,0.9918168535724164,3.696905473434118e-06,0.41495176734480244,0.00014052517001110883,0.48397869518622755,0.00011959856271310898,44,7,3
403,0.9902016616034561,7.4294723795531714e-06,0.43495019094702364,9.116087890623128e-05,0.5107156196160075,0.00044596209625274866,44,8,2
404,0.9851420175774827,2.3759472906512717e-05,0.4210656523152355,0.00026463257472735343,0.5528218509687184,0.0003391061117965596,44,9,1
405,0.9725359100126992,3.2866074522188056e-05,0.4254561600912097,0.00010278742576919672,0.2234535062492097,0.00030279741952869677,45,1,9
406,0.993777870410955,1.5193799382131229e-06,0.4322403318545721,5.37155780204724e-05,0.4568255048641864,0.00010486743000689103,45,2,8
407,0.9940786343645688,1.5408784119677303e-06,0.42694176038122644,0.000119450268349963,0.46384999677620886,0.00026577056014424693,45,3,7
408,0.9939798304338121,3.845869351955e-06,0.4302901762378507,0.00019706371577440704,0.4809118265277831,0.0002945569450477848,45,4,6
409,0.9935672861235717,2.5901573788581134e-06,0.4347424616005196,4.2678351935716125e-05,0.48161268489677217,0.00023277586874599735,45,5,5
410,0.992995171634248,2.687284179941032e-06,0.43113046121237003,2.9016206025409618e-05,0.48985684362840076,0.0001547512753372979,45,6,4
411,0.9919923802930329,3.417121705120256e-06,0.4230396805396065,4.57642163035461e-05,0.4959632542765304,0.00021432486207058544,45,7,3
412,0.9900788853588198,5.620531367193298e-06,0.42577647396199053,0.00012523944375566763,0.5078582508426107,0.00036655983769993587,45,8,2
413,0.9851975443399972,1.4489845031342538e-05,0.4285009763586283,0.00014180203717837513,0.5535831164407219,0.0008923790905663137,45,9,1
414,0.979356787459242,3.201577984749382e-05,0.42979004402136595,7.038433101827964e-05,0.2421251777349515,0.0005627122110158456,46,1,9
415,0.9939025294355863,3.981034596956438e-06,0.44140786086872497,0.0001239443151856604,0.46468484183707265,0.0005778496911713831,46,2,8
416,0.9939445126362457,2.5417177403084082e-06,0.41562772596138414,6.155499964567024e-05,0.46279621608799687,0.0005151812339642892,46,3,7
417,0.9939448182292241,1.8446444822207619e-06,0.42728999432295234,0.00022078691273029791,0.4812502339443656,0.0003178578026303783,46,4,6
418,0.993615464838465,3.1442947587990697e-06,0.43467494228494813,0.00013778253950594323,0.48422881831346276,0.00024614155557299523,46,5,5
419,0.9927491383163767,4.395122451030089e-06,0.42413898204483336,0.00022851142820874424,0.47655747914048724,0.0004554892433090802,46,6,4
420,0.9919940629163171,3.111357746798875e-06,0.42757425839517565,0.00013135348216890082,0.4910046915686387,0.0006948172270433546,46,7,3
421,0.9899200004525119,3.520679916808662e-06,0.4165505015684607,6.325855139316542e-05,0.5057157603698486,0.00021470799103923932,46,8,2
422,0.985467657589752,1.8531919052560173e-05,0.4208437991450129,0.00019221521279985185,0.5643777026005864,0.0003243093356035523,46,9,1
423,0.9837134856013953,1.4496830793503831e-05,0.43915522713969923,6.61023223237517e-05,0.27047057605626246,0.0030950520206458566,47,1,9
424,0.9935863703805072,6.349475094022172e-06,0.4246429863021467,6.682244126592853e-05,0.4469963432236511,0.00026239645922436684,47,2,8
425,0.9939336774185277,1.9268998697224352e-06,0.4146153654696559,0.00013884961518846142,0.4617666117879717,0.00017399175724395967,47,3,7
426,0.9938732971767675,1.1907746831292747e-06,0.4344298075499133,8.004884085650274e-05,0.47572175152057644,0.0003625594213878287,47,4,6
427,0.9933151003234705,2.861225907243393e-06,0.4147141592973854,5.3178519508043936e-05,0.4686292761812288,0.00034452839148498406,47,5,5
428,0.9930602985408581,5.107803670058935e-06,0.4372319275182532,4.7417073062616446e-05,0.4883862414802038,0.00030411984265609263,47,6,4
429,0.9922494760778343,6.02364135162055e-06,0.4451715606217089,5.890632414382788e-05,0.5029221582085692,0.0004104772557539997,47,7,3
430,0.9900785137592208,1.0274910114913382e-05,0.4259414837793055,6.813432486852746e-05,0.5071253772332166,0.0003691032816237868,47,8,2
431,0.9853353949586652,2.0446930490193797e-05,0.4262105044636562,0.00013065849311599145,0.5576755026368222,0.000395078605508402,47,9,1
432,0.9812938813421047,1.7715937846222085e-05,0.4308974016941355,4.997646134361526e-05,0.23798635568689208,0.0006000814769904908,48,1,9
433,0.9937647076954449,2.196953202293802e-06,0.4344080101214992,8.67046777107994e-05,0.4535158332910519,0.00025405724027925436,48,2,8
434,0.9941785119504997,1.5946161450955965e-06,0.43342583850452115,6.594251151372137e-05,0.47395324316404014,0.00036723586880501013,48,3,7
435,0.993851522637455,2.4588404390938143e-06,0.4304565083205432,0.00010072942064886348,0.46918741827323085,0.0002777118317662407,48,4,6
436,0.9934019730692613,2.5158651867533647e-06,0.4197072395508605,0.00016653841884814238,0.4702537799060116,0.0002247858426767104,48,5,5
437,0.992863796508479,3.3179596225800775e-06,0.4212338419210465,5.190441314317751e-05,0.48539347930728505,0.00036165014252640955,48,6,4
438,0.9920523060989581,2.2799168350260117e-06,0.42876942305432986,6.359235256782235e-05,0.4954306177703527,0.0003563235022379517,48,7,3
439,0.9902822014880457,6.7958385966972005e-06,0.4326187897724843,6.287404038168151e-05,0.5124012008621924,0.0005420900012781625,48,8,2
440,0.9851062418253734,1.611692160784192e-05,0.41816512723256494,0.00026815086865461133,0.549997344491441,0.0002923891935575194,48,9,1
441,0.9794487709501067,2.2256024717992205e-05,0.4251936395292212,4.8382180692192076e-05,0.22866404529740406,0.0009602730664022064,49,1,9
442,0.9935841209328562,1.7517041130034145e-06,0.42469082797299323,0.0001223086494797021,0.44134417948348026,0.00016902771232368667,49,2,8
443,0.9942043840694795,3.1905360729387643e-06,0.42881021118216345,8.534939811134562e-05,0.47696231234496567,0.0001521507132215849,49,3,7
444,0.9938847677080493,2.7097280836190566e-06,0.42711353042597355,5.60380376166655e-05,0.4768452067016492,0.0003882326802527574,49,4,6
445,0.9934981534918499,2.807257223251109e-06,0.4306134466318482,0.00017496752350629733,0.4746565325184851,0.00010949445674962489,49,5,5
446,0.9929933921955769,1.9620994143188317e-06,0.43424300792349324,5.3473125832529056e-05,0.48683366758789215,0.00020993020940727816,49,6,4
447,0.9918435819342118,3.517991723200702e-06,0.4229931283327445,6.831020697138537e-05,0.4896867881316451,0.0002549670441046589,49,7,3
448,0.9899454382962939,5.779353464959437e-06,0.4199194665843044,3.8833540580763854e-05,0.5005420014550354,0.00025661275085224906,49,8,2
449,0.9855685234871175,1.1903944580093307e-05,0.43560229143549783,0.00010254505297095744,0.5634566947284501,0.00046331001919599856,49,9,1
450,0.980163348653027,1.2693742257963123e-05,0.4237659064505528,3.443956810234015e-05,0.22940869010564044,0.0003370395423730776,50,1,9
451,0.993879032435124,2.3698712522805194e-06,0.427854208424012,3.421212110868812e-05,0.459253098115289,0.00014130399626539073,50,2,8
452,0.9940634440277888,3.1077694216789575e-06,0.4202779966426955,7.073683865065197e-05,0.4702159474086263,0.00012121498372454764,50,3,7
453,0.9937925934220779,1.4808444127087407e-06,0.4226232225436205,0.0001534282225253539,0.47120254218242236,8.326921363879474e-05,50,4,6
454,0.9934554231372748,4.106631284125912e-06,0.42727447498037224,0.0002563508675799635,0.4779359749952392,0.00025067591920596195,50,5,5
455,0.993012903760809,3.349380828097056e-06,0.4363062727329923,0.00013758737046641674,0.4857087769952204,0.00020314357077823474,50,6,4
456,0.99200740444187,4.946370579362131e-06,0.4244389293152421,7.746754745050402e-05,0.4953318943826202,0.0003215816456451969,50,7,3
457,0.9899735621954263,3.458755125134102e-06,0.413405023597486,4.0532669829460884e-05,0.5036297297291867,0.0003881273484085928,50,8,2
458,0.9854266378906397,5.981332141632465e-06,0.42926348850762996,5.665902526204243e-05,0.5582560976742967,0.000511767792759426,50,9,1
459,0.9805140693434861,9.394350497821644e-06,0.42589516807007066,9.052156911590635e-05,0.2300961319867703,0.0004072071525572087,51,1,9
460,0.9937525041896584,3.6830009121717987e-06,0.42910867898448074,0.00015012291726682671,0.45300335597686386,0.0004488703456401744,51,2,8
461,0.994136987589091,1.0142425727707424e-06,0.4326397040054027,5.51293045941612e-05,0.47287329211879764,0.00017543236300708714,51,3,7
462,0.9938684780431966,1.113980116078276e-06,0.42983299595056634,7.049992354852076e-05,0.4708600137594026,0.00015526838701807342,51,4,6
463,0.9934731725185438,2.3264373043080634e-06,0.4308006025669691,0.00013605537926652405,0.4762564105056406,0.00028242103805598115,51,5,5
464,0.9928021116726277,4.997733565288213e-06,0.4280191627582829,0.0001804807598360316,0.4788597627780253,0.0004324920857753139,51,6,4
465,0.9919342628808756,5.7552082325578735e-06,0.4282785657958616,9.200853643597044e-05,0.48921830606595595,0.00035149580881671527,51,7,3
466,0.9899266034949596,5.13812246335258e-06,0.41748125586228124,3.6031879601711246e-05,0.5031098273753934,0.00022013713703490054,51,8,2
467,0.9856977638764629,9.693748920190151e-06,0.43336091908941954,0.00018221747097316667,0.5591570862439623,0.0006588448247346131,51,9,1
468,0.979216380596331,2.252663680527339e-05,0.4290095507643939,8.760453169072233e-05,0.2397270858772838,0.0010955865551265816,52,1,9
469,0.9936826039872216,1.3794892620670963e-05,0.42472411131864907,9.605615458663416e-05,0.45137696519205506,0.00037002497774489887,52,2,8
470,0.9941173772971771,3.6626263550531952e-06,0.42111315367936836,0.00010845391741416422,0.46948237825404787,0.00024691648690098396,52,3,7
471,0.9939639980372054,1.6390315995714292e-06,0.4337316681003171,0.0001226745910417214,0.4786287856123596,0.00011603021033970784,52,4,6
472,0.9935646814014784,2.089747477178144e-06,0.43247815835857023,5.428300258294392e-05,0.48414199096039107,0.0002267091577448497,52,5,5
473,0.9929126435806302,3.619639692757978e-06,0.4301070883040108,0.00010202812709674992,0.4950633199096022,0.0003725652208875616,52,6,4
474,0.9918893991973994,9.022331500230962e-06,0.42061926059214727,0.00019528755350574,0.4890865901223241,0.0006891500647704361,52,7,3
475,0.9903397481532618,9.26852345181009e-06,0.4282147599017956,0.00012728391887263478,0.5167307705848233,0.0004155872097527815,52,8,2
476,0.9846870568316537,1.0996566036463382e-05,0.41268798945504237,0.0002026742931532517,0.5495140386789835,0.00022030289713835175,52,9,1
477,0.9802972792751261,1.5165380441217168e-05,0.42959213834626153,0.00010748035228064283,0.23132533595612045,0.0004455422009802592,53,1,9
478,0.9936751447795706,3.136434305733979e-06,0.4225118156388393,0.00017364575530747067,0.4478960213910392,0.0005999756835224456,53,2,8
479,0.9941900474541009,1.3384875991386449e-06,0.43453075127789076,0.00010703919173040636,0.4748567004196589,0.00016326644045842347,53,3,7
480,0.9938725427063193,2.129403068984866e-06,0.428951543378225,0.00010171164160175651,0.47288227340730826,0.0005544684863762269,53,4,6
481,0.9934385190270418,4.624506441176678e-06,0.4256882877929474,0.00012072404655074173,0.4742842934399701,0.00043457914329599675,53,5,5
482,0.992860428648768,5.010773336854506e-06,0.4196444879055177,0.00012062783125100135,0.48492700520908294,0.0007596193265050407,53,6,4
483,0.9918125042049286,3.6970759592893794e-06,0.42499654437186063,0.00013661043101905113,0.4881746365142893,0.00016505527236601516,53,7,3
484,0.9902917418021204,7.870778607042107e-06,0.43539749978301634,5.0959348706505204e-05,0.5115216629077804,0.0007209769375888694,53,8,2
485,0.9849773101971196,1.1880229723246024e-05,0.4213425937273949,3.320796924893525e-05,0.5525169173514507,0.00035049545665233334,53,9,1
486,0.980494720483482,1.2841266386993181e-05,0.43311340481324406,0.00010948651926043648,0.24641540840226514,0.0004226725424167848,54,1,9
487,0.9935725942196039,2.9072026353125e-06,0.41460216201971845,0.0002446214838667754,0.44519690021559777,0.0005734649645408544,54,2,8
488,0.9941317607656353,4.407908900364811e-06,0.4329925979550917,0.0001351333236707331,0.4704905854290784,0.00033780281441106387,54,3,7
489,0.9940112868195986,3.6372018204333526e-06,0.4334625019870836,8.80830569657736e-05,0.4796752430619534,0.00021558127020984976,54,4,6
490,0.9933677581875465,1.8777772709732008e-06,0.4160810607281346,8.403252486588216e-05,0.4692063330733413,0.0003441910743350653,54,5,5
491,0.9930245193132319,2.8120570899940328e-06,0.4353140633573079,0.0001442560085264299,0.48649209000435645,0.00017047108027633736,54,6,4
492,0.9919583181227015,4.325239193530491e-06,0.42357401721007215,6.0547497680409025e-05,0.4935403740994483,0.0004191021119972965,54,7,3
493,0.9901396232869749,3.2052677600148104e-06,0.43118191371779263,9.103087392692474e-05,0.5141572142882387,0.0003521094848741136,54,8,2
494,0.9851004473754557,1.0347040740691278e-05,0.42145219112665516,6.388652225646016e-05,0.5534944435663953,0.0002495780368696866,54,9,1
495,0.9798461936219593,9.402314039311068e-06,0.41890699337952925,9.566731472280964e-05,0.2239685475292953,0.000537263042860769,55,1,9
496,0.9939130211370675,1.9308771766857344e-06,0.4262598824413046,0.0001347444299426944,0.4608649989210788,0.00020103491763261228,55,2,8
497,0.994065243781587,3.0888258780833574e-06,0.4204061624356125,2.9641862879529045e-05,0.46759857433682445,0.0004065818017604547,55,3,7
498,0.9938131460149011,1.5594550208912984e-06,0.42602922126681403,0.00012670713161020263,0.4709107781410103,0.00016834666992044046,55,4,6
499,0.9934417956011558,4.400170957314957e-06,0.423021270426956,0.00011521015734075482,0.47772395637979675,0.00029905584130869085,55,5,5
500,0.992954870191402,3.194075513194499e-06,0.425143884936312,0.00010216847443881023,0.4863201906745469,0.00039505261389733066,55,6,4
501,0.9917345261605699,4.0704071658835296e-06,0.4127554191045947,5.578251648903727e-05,0.47909437096919355,0.0003116249175191716,55,7,3
502,0.9902875129991223,1.1631529265993224e-05,0.4307784374018002,7.111008921945489e-05,0.5119928792966439,0.0008793442042160731,55,8,2
503,0.9852806033705747,6.173632329452498e-06,0.42732327071372234,0.000172467499236553,0.5544066803329604,0.00021603771697048573,55,9,1
504,0.9796277517282926,1.3803378789241863e-05,0.4248585213102237,2.592095896322217e-05,0.2263617618987808,0.00039800586336455926,56,1,9
505,0.9934711008410564,1.673069181168882e-06,0.41899215528953293,0.00012822615626238351,0.44372897208880796,0.0004919936606449877,56,2,8
506,0.9942513653658086,1.6896297466284243e-06,0.4365736519906584,7.394647102903163e-05,0.47856278850588035,0.00022691815307106098,56,3,7
507,0.9938441825749412,4.1435418953785994e-06,0.4253852743354918,0.00014441581916435178,0.47423475977982177,0.0005346801808552239,56,4,6
508,0.993483123907041,2.3674037515496788e-06,0.4273276518542093,9.115883938917218e-05,0.4800700369163289,0.000505066373831789,56,5,5
509,0.9930384988764882,2.1753770870540538e-06,0.4406671932837342,2.0895025494896754e-05,0.4849905870941294,0.0001927662691754839,56,6,4
510,0.991930949917425,2.5991378429849677e-06,0.4216704237302756,9.111837108871061e-05,0.4904973999934691,0.00023888728428580208,56,7,3
511,0.9898515552710525,5.48757373415049e-06,0.4155591295586971,0.00015352400299508605,0.5009835174132593,0.0005269068586183433,56,8,2
512,0.9852957564473926,1.3993511834888949e-05,0.4238183543029329,4.6781604487622574e-05,0.5561575008034965,0.00035613911497975917,56,9,1
513,0.979528587850843,1.811063099528296e-05,0.4219884799123644,0.00012306441686575937,0.22967429701976158,0.0009037835802554775,57,1,9
514,0.9936417433842406,3.039246490791742e-06,0.423296880776357,5.739149109164783e-05,0.4450373102421305,0.0002068443530634001,57,2,8
515,0.9940460039630513,3.19560687597571e-06,0.4202885370272627,4.280967878685818e-05,0.46803635285495976,0.00027391263626387277,57,3,7
516,0.9939583395556784,2.043599620353049e-06,0.4343596351490888,6.0131464063857475e-05,0.4806464883082627,0.0003271285415423603,57,4,6
517,0.9933641919830004,1.7863113792897099e-06,0.42026480261188365,8.562509338399893e-05,0.4694320053987494,0.000521267258854563,57,5,5
518,0.9927602227660826,3.727069857382566e-06,0.417982178685079,0.00010840801094654938,0.47983421261047815,0.0006814294891932844,57,6,4
519,0.9918776151998686,4.534187751802085e-06,0.42493350874826674,0.00017803852859537577,0.4899268401702177,0.00045662248894985246,57,7,3
520,0.9900012054244476,4.446292626947574e-06,0.4182612970426504,6.793333243335769e-05,0.5029919143905021,0.00048332442806261756,57,8,2
521,0.9853602474866154,7.698538492602735e-06,0.42183930138128267,7.746666277650305e-05,0.5496067392563219,0.0009966122765465402,57,9,1
522,0.9755863929785769,1.1731941150471223e-05,0.4128864539211081,5.4885441263487854e-05,0.20538088871587337,0.0005964353869360894,58,1,9
523,0.9936672876455439,1.1245042276130905e-06,0.42133029047664944,5.5598871620059784e-05,0.44797307566261396,0.0001408916796045937,58,2,8
524,0.9940765163100052,1.1564836531913676e-06,0.4177711632739326,0.00011282228303669544,0.46941334556082015,0.00013796712983454406,58,3,7
525,0.9939170917804867,3.286913342297572e-06,0.43162791300087544,0.00014661902075994006,0.47434912084371084,0.00019646698370638657,58,4,6
526,0.9935240397074672,3.4348961083321477e-06,0.4169212314894987,6.116024949933461e-05,0.48046202101259045,0.00039299222349477856,58,5,5
527,0.9930079369599748,2.8158080481003253e-06,0.43082376119894755,9.238759899809954e-05,0.4879880653958668,0.0004793409010854203,58,6,4
528,0.9920277587261748,6.473070126171394e-06,0.4306949532344948,9.368488128315998e-05,0.4936105511604519,0.0003026088925443937,58,7,3
529,0.9902106875832958,3.849127541522493e-06,0.4297975783792112,0.00011571603797810226,0.5114997112211156,0.0005876550468219021,58,8,2
530,0.9849441998716529,9.102525470930611e-06,0.4160947270002085,0.00010551659986444372,0.5499990027118103,0.0005420230290789485,58,9,1
531,0.9791872629330856,2.892790583195585e-05,0.4220751539664872,0.00010367596327248116,0.23364851680794502,0.0009349286502427428,59,1,9
532,0.9936785187749115,9.74779487978093e-06,0.4284249714616905,0.00023110338213506816,0.4487463789220794,0.000407943930395409,59,2,8
533,0.9940660523110716,9.445890592512239e-07,0.4198345769428841,0.0002172193154096581,0.46595757739536053,0.00013047969317127244,59,3,7
534,0.9939514657604307,3.551894049172101e-06,0.42788692655637456,0.00010509436515705469,0.47788450984912495,0.0003428831388717541,59,4,6
535,0.9934369453616928,4.254371848257728e-06,0.41851478356558935,7.511761958215715e-05,0.4706453880496755,0.000186864235526639,59,5,5
536,0.9929059027198567,2.827474281092537e-06,0.4273648633977578,6.578547731194575e-05,0.48058846138119127,0.0003789668349032529,59,6,4
537,0.9920369656127372,4.129520831089517e-06,0.42865016935159356,5.5260023887867714e-05,0.49303821045695745,0.0001471581065370479,59,7,3
538,0.9900690031085394,9.940873213766968e-06,0.4201534129976781,8.970718872811938e-05,0.5085595198127416,0.00025478262330301397,59,8,2
539,0.9851825658124853,2.3754063669792122e-05,0.4298293861185789,8.329569045930199e-05,0.5636915706059571,0.0002549440393402741,59,9,1
540,0.9798391548165196,1.99423393636463e-05,0.4207281855042363,7.091632806427771e-05,0.22698497563230888,0.0004100614784856324,60,1,9
541,0.9938833078217643,1.9276518998636965e-06,0.429514094694954,9.453040824553992e-05,0.4603294745742171,0.00014660818278315052,60,2,8
542,0.9940607984982196,1.6215940448328969e-06,0.42956526150943813,8.624804602225939e-05,0.46823213132832425,0.00019019151935094553,60,3,7
543,0.993896562468737,3.2278516577566494e-06,0.42543071150900197,0.00028186798178345704,0.47596574237217976,0.0003416029372227631,60,4,6
544,0.993389839646055,4.466941388520042e-06,0.41706889844142303,4.61362069276956e-05,0.4758223892600515,0.00027415719684267245,60,5,5
545,0.9926897787170619,2.4452289840920145e-06,0.41451874176232784,0.00024357105484418387,0.4754986077288996,0.0002533019676017975,60,6,4
546,0.9919843296157514,5.5914070257772645e-06,0.42429919908828867,0.00014522966671089296,0.48985714751955245,0.0002724828947517025,60,7,3
547,0.9901377812778326,2.911051034350574e-06,0.42345356925095406,0.0001618535027790052,0.5086143618547793,0.00027672041672278084,60,8,2
548,0.9852344101188442,1.9762177794782547e-05,0.41564149426708363,2.9674202534541656e-05,0.5508502655426266,0.0006542273726320417,60,9,1
549,0.9811143266267784,1.1430812093443076e-05,0.4189507408625088,8.183811027828843e-05,0.23682112398671729,0.0003606978073069452,61,1,9
550,0.9936678776686976,1.7015898662543814e-06,0.4259605596236824,3.9187476101758444e-05,0.4504038631987,0.00031992516514426207,61,2,8
551,0.9941470742845752,2.083721799200388e-06,0.4225190509644351,5.721582305460124e-05,0.4731682035657332,0.00042354021270947696,61,3,7
552,0.9937739470365575,3.4809060899751763e-06,0.42508715025288496,6.443873447279088e-05,0.46757924719571076,0.00040980970410180986,61,4,6
553,0.9934558470525539,2.610906619727692e-06,0.42835045770976043,0.00015531589287018173,0.47525404836499435,0.00019684064191520574,61,5,5
554,0.9928747193770034,2.4811131778831463e-06,0.42055519011118087,3.218240861440496e-05,0.4813088276747609,0.0003194929135637401,61,6,4
555,0.992032539979748,7.560239244786273e-06,0.43247005611233275,9.023383701403882e-05,0.49316014361374644,0.00042687389564650496,61,7,3
556,0.9901317756542771,5.422791788541891e-06,0.4288720902494796,7.724926837136187e-05,0.5113442425917084,0.00020911177483085472,61,8,2
557,0.9852212533596911,1.7500332563564664e-05,0.41991151613323907,0.00013090804585772357,0.5535123285020224,0.0002461951243138688,61,9,1
558,0.9788883294876175,1.7078874013119303e-05,0.4192285910722534,0.0001351892214974488,0.2139449041373986,0.0006138731708834449,62,1,9
559,0.99376724399881,1.6356661330137574e-06,0.4297824228357746,5.472564155850171e-05,0.4548664458767707,0.00010632859232488378,62,2,8
560,0.9941166509561368,4.887921613637675e-06,0.42653006106695496,0.0001619383048122992,0.46871893229095246,0.000356947615820497,62,3,7
561,0.9939949376212407,2.188918065831824e-06,0.43104462974741475,9.24817488457112e-05,0.4819912250672124,0.00042977240592880357,62,4,6
562,0.9935982285233943,5.994675956618422e-06,0.43111350532792253,0.00031327409382698757,0.4851454117700887,0.0006899594829575019,62,5,5
563,0.9929929488851627,2.2848805551098375e-06,0.4295654326823168,4.86407731188113e-05,0.48633620738621813,0.0004700106856066598,62,6,4
564,0.9918203373855019,5.332763318834767e-06,0.4192331744415383,9.210538111598248e-05,0.4829405982496359,0.0004549271123795136,62,7,3
565,0.9901693807128686,4.085603847466113e-06,0.4191808673897447,5.366837380348349e-05,0.508507602692716,0.0005682693510202201,62,8,2
566,0.9852574637750706,7.131457917766182e-06,0.42618885154438385,6.0983671949638233e-05,0.5517153534931329,0.00038433662145652745,62,9,1
567,0.979495428524857,1.1648737157488596e-05,0.43262906933655565,6.862938963579949e-05,0.24611758546769608,0.000567004186195196,63,1,9
568,0.993679045434981,2.9121865444782722e-06,0.42597030745985215,4.7391022943485505e-05,0.4453958062273608,0.0002613023798410538,63,2,8
569,0.9940810212542964,1.8407908400506486e-06,0.4278978111865305,3.4599022220295345e-05,0.4660883517947712,0.00020131701225665048,63,3,7
570,0.9939280016915131,2.2168662942743246e-06,0.4295960593723125,0.00011026285815727744,0.4756405212200584,0.00036989187756763804,63,4,6
571,0.9935681666077272,1.5307686250142389e-06,0.4240073175175652,6.17224473229895e-05,0.4852512318015035,0.00013865695849705418,63,5,5
572,0.9928105894009712,5.049765443262824e-06,0.4203816517475555,0.0002184546191057358,0.47631081686357607,0.0002871197488933053,63,6,4
573,0.9919360385965952,8.89709328158668e-06,0.4258192683522439,0.00013688697460160473,0.49479878308734965,0.00025586509326984733,63,7,3
574,0.990237241845047,3.735924713215643e-06,0.42467187061901407,5.518502573210904e-05,0.511911657660173,0.0002388410533596699,63,8,2
575,0.9856093427064658,9.726821610059213e-06,0.4328682766087828,6.631547159743158e-05,0.5679460937371852,0.00038071512864150864,63,9,1
576,0.9789719794491644,1.965836636988032e-05,0.4321398654213199,3.0700751530230816e-05,0.2406435950597258,0.0007843354432357408,64,1,9
577,0.9936902586401017,2.0200930323147025e-06,0.4278268508542374,0.0001195724460683039,0.44866959338467677,0.00011446454929201244,64,2,8
578,0.9942349685898209,2.922744325140241e-06,0.4338980937566804,8.709288096679544e-05,0.48212965927835627,0.0002049513762307283,64,3,7
579,0.993982940329394,3.421183417896121e-06,0.43422656072293003,7.351676312663951e-05,0.4817043135165275,0.00037694269077738203,64,4,6
580,0.9934608432257059,2.3923673767307997e-06,0.4260319829167657,7.066119072777219e-05,0.4740534237047018,0.00031487295364734436,64,5,5
581,0.9928622077776874,5.16168921984073e-06,0.4295012675764162,0.0002133014813582376,0.4784991651135755,0.00029495822879684763,64,6,4
582,0.992235812476368,3.4759141742464705e-06,0.4364678533459029,5.983472126199832e-05,0.5047593229407095,0.00020993854090377577,64,7,3
583,0.9899681716072707,8.22076336816827e-06,0.4179670688603416,4.497240360868448e-05,0.5027361547922543,0.0005497741628696697,64,8,2
584,0.9854673116419219,1.3695210919991518e-05,0.4317402467742153,0.0001084720709391001,0.5609862134764312,0.00018700356974687203,64,9,1
585,0.9825115432575808,7.931450272572814e-06,0.4300641582417316,7.646320604753012e-05,0.23846263020810135,0.0005314585120418434,65,1,9
586,0.9935733704300278,8.830327477444915e-07,0.4201333980940732,0.0001426344514429846,0.4465533496071346,0.00028530945947094916,65,2,8
587,0.9940537338147711,1.925317994850969e-06,0.4203334792893085,0.0001312994706991679,0.4692544186574061,0.0002716890228256872,65,3,7
588,0.9938269625632785,2.375117318481445e-06,0.4202262203243816,3.5909850677577965e-05,0.4724462812855358,0.0001961757651412599,65,4,6
589,0.9934749714435663,2.737998374875175e-06,0.42413474815956814,0.00012341974648781288,0.47913160383675096,9.897232806026189e-05,65,5,5
590,0.992917268074629,3.1334938568629914e-06,0.4334709188114382,9.333220999362993e-05,0.4852891925456622,0.0004430886784359595,65,6,4
591,0.9920128719145582,2.444465525283841e-06,0.430612229688381,8.951170838343479e-05,0.49198369375754497,0.00033452326678530054,65,7,3
592,0.9902464110924384,1.0532013477248775e-05,0.43775627472409434,5.194310641093241e-05,0.5127916027330272,0.0003892332444436563,65,8,2
593,0.9847808360374022,8.78477289728089e-06,0.4176770032199287,3.5041718686110324e-05,0.5455781696500097,0.0009576672240805394,65,9,1
594,0.979129816091758,3.4141589342163264e-05,0.41721276353973835,0.00015291569758934008,0.23236152283618483,0.0011897089750131148,66,1,9
595,0.9937697839238242,1.8546222021405832e-06,0.4341152517049719,3.450706811611347e-05,0.4548975595065976,0.0002778870260067195,66,2,8
596,0.9941980265217657,3.7833023768199342e-06,0.43158682029673445,0.00023823512743891055,0.48034204027796157,0.0002174980429292831,66,3,7
597,0.9938920611529352,2.2294642601771963e-06,0.42499914667094935,4.408429861209274e-05,0.47221759053618706,0.0002019275365296645,66,4,6
598,0.9934837841516309,2.8109078327935357e-06,0.42594086698189493,0.00013980981205129314,0.47502419632476195,0.00015210880125562248,66,5,5
599,0.9927869041659209,4.746396281325832e-06,0.41952685484954627,5.156770196108112e-05,0.4774186845771867,0.0005654108891585281,66,6,4
600,0.9921477694318853,6.386117013544377e-06,0.4369872057383388,5.7281208900175976e-05,0.4986981775280695,0.0005119199206310827,66,7,3
601,0.9902383100274633,5.985138796414094e-06,0.4287202346106155,0.00012552716498933164,0.5118477729887438,0.0001565870385421032,66,8,2
602,0.9855928134399087,8.948072194869025e-06,0.4326063511055192,4.7707279898511916e-05,0.5617482659902765,0.0003245566245417772,66,9,1
603,0.9800058512814042,1.5745904422467046e-05,0.42721690357998116,0.00010785981026445896,0.24042903799267482,0.000279754192262168,67,1,9
604,0.9937418811815065,5.626305197626072e-06,0.4288979842633867,0.0002469139374311587,0.45538070818404036,0.00025569229268267266,67,2,8
605,0.9940327270652395,2.3452819022007527e-06,0.42276292999032483,0.00013428598320076084,0.46474616267548335,0.00021076326007926004,67,3,7
606,0.993826508672239,9.094817017442535e-07,0.420482827151369,4.2403011427448154e-05,0.4703559182050442,0.0003143114061325254,67,4,6
607,0.9934936471322507,3.395071196335307e-06,0.4307858425398735,0.00016984484299054913,0.4771219658817571,0.00026532927995180986,67,5,5
608,0.9928549514189835,1.4792959313425847e-06,0.4195103555749814,0.00015452417747710543,0.4835291155076744,0.00035403232563288806,67,6,4
609,0.9920259284098243,1.759663742052662e-06,0.430721027207268,0.00016479519995259915,0.4964620806324243,0.0001753938084453825,67,7,3
610,0.9903205978953743,3.390599677400197e-06,0.4378180862261737,0.00012921629156257509,0.507559946362065,0.0003759152057429056,67,8,2
611,0.9854559558368178,8.923960829681478e-06,0.42520761078966574,0.00020343051365413287,0.5553283995722723,0.0002363695306682867,67,9,1
612,0.9831773471260064,7.648286313146293e-06,0.4425943907095043,7.980322312255516e-05,0.2591930320742623,0.0004718820307248298,68,1,9
613,0.993594965598306,2.0190364152218885e-06,0.4252291684501766,5.089017022243994e-05,0.44516581214725537,0.0003980773501274171,68,2,8
614,0.9941343934845299,1.8858199373195426e-06,0.4287716711972325,2.6136375657382864e-05,0.47420657753790413,0.00019787606693366032,68,3,7
615,0.9939023896595295,2.904580862478643e-06,0.43385350938130557,5.7795799972468414e-05,0.4735990412884918,0.00033384040284044434,68,4,6
616,0.993395372721697,2.145928992423896e-06,0.4205258727795959,9.208194226036694e-05,0.4739443026613624,0.00031503864034798125,68,5,5
617,0.9928204589377012,1.732781525479592e-06,0.4273584203974202,5.639162600598304e-05,0.47339453937522613,0.0002571586172306979,68,6,4
618,0.9917507192815257,9.414685066753822e-06,0.4159758834489468,0.0002264602041424511,0.4833463837713609,0.0003224061253806865,68,7,3
619,0.9900038175783613,6.83213224412201e-06,0.4188524389111629,0.00011450319080603141,0.49942101926007376,0.0002046959394644096,68,8,2
620,0.9852016505440603,1.1401169618225494e-05,0.4322017126697913,0.00011494704917317977,0.5541770557245534,0.0002551176876800724,68,9,1
621,0.9829783718386534,2.482545787659847e-05,0.4343056408682928,0.00022604809169909598,0.25370003310785416,0.0005298491400949136,69,1,9
622,0.993840323137763,4.6727616136659635e-06,0.4347440778618826,0.00023843430571943093,0.45657783269957064,0.0003063931458992272,69,2,8
623,0.9941491790609917,1.2890968538993726e-06,0.4314238613401817,0.0001772299179633239,0.4682434103187179,0.00026500214956513954,69,3,7
624,0.9938523370271237,1.3923452466292485e-06,0.4265497209601812,0.00014623328056449208,0.46964194347677857,0.00021127460060011143,69,4,6
625,0.993469036894206,2.3465839518088182e-06,0.42786812650345846,3.797804915232733e-05,0.48220211593480566,0.00026632482226107273,69,5,5
626,0.9927415928760323,5.613927674563786e-06,0.42218770698634095,4.041360583219751e-05,0.47719268177149854,0.0007231989720232895,69,6,4
627,0.9917196979712569,5.993699343945213e-06,0.41437864034730965,8.284383552126918e-05,0.4752046697337491,0.0006165072143382622,69,7,3
628,0.9904589437987356,4.136897322204707e-06,0.4394062956533109,0.00010235337233924937,0.5204587524750037,0.00028720498741200985,69,8,2
629,0.9853945276240272,1.0881470910425315e-05,0.4291275656203227,5.177934336804463e-05,0.5594558754152525,0.00029427057623401625,69,9,1
630,0.9802531331354403,1.9143355846765313e-05,0.425465452925996,5.310274707902975e-05,0.23368815533121992,0.0005858673835576246,70,1,9
631,0.993508917299219,4.019442542096918e-06,0.4166979978806007,0.00012276248771569718,0.44475055841109473,0.00023235504821040155,70,2,8
632,0.9938461530113841,9.444726233593055e-07,0.4146578317303513,3.493287708885801e-05,0.45479867328998397,0.00015691405653307948,70,3,7
633,0.9939146276113722,1.2867133092079718e-06,0.427367656915028,2.469897447631111e-05,0.47619484907551507,0.0004920431620898697,70,4,6
634,0.993324360402413,3.417738172449105e-06,0.4150200993904972,6.088845183193629e-05,0.4698581715253189,0.00043936696841642106,70,5,5
635,0.9927285542961941,1.8651767527422375e-06,0.4125909481630757,5.0202339208634866e-05,0.47749384935089123,0.00011534938831525813,70,6,4
636,0.991877186747909,3.1694294852597895e-06,0.42051177813384527,0.0001309873062095853,0.4862093693496611,0.0002972871395713286,70,7,3
637,0.9901401586553519,6.166037722355723e-06,0.4288204538021995,0.0002667834452278483,0.5090608258890343,0.0004304545112153678,70,8,2
638,0.9853984227655653,1.3867371665209462e-05,0.4339760230071554,0.00011634830804077704,0.5566859426561024,0.00033736567373610234,70,9,1
639,0.9805564806606757,2.283697502505401e-05,0.4289028981130971,3.298840665343719e-05,0.23725349531767478,0.0006532557843445373,71,1,9
640,0.9935112309888736,5.0273458361085345e-06,0.4211585408470185,0.0002546907468823545,0.44744284424918274,0.0003428544827654902,71,2,8
641,0.99412011279201,1.8236752586282268e-06,0.4273116152636361,0.00019374730040926563,0.47228855587817475,0.00031465690749697385,71,3,7
642,0.993949561544903,2.302629682043767e-06,0.436699827580258,0.00011246107777052924,0.4750828585494512,0.0003879292985394343,71,4,6
643,0.9934834884739553,2.713371807971761e-06,0.43143042472493764,0.00011071660692592239,0.4781250163373545,0.0002466659857882401,71,5,5
644,0.9929414143877711,5.488060078038964e-06,0.422840622562231,0.00016342887946394229,0.48457898108138636,0.00035405364158501955,71,6,4
645,0.9920689054913724,4.9851029406381665e-06,0.4274098197605344,4.7256857149660145e-05,0.49308985096264085,0.000724140269709929,71,7,3
646,0.9900273945327199,5.804115591900062e-06,0.41844663784373876,3.542821802238558e-05,0.5027633703470986,0.0005461627365810235,71,8,2
647,0.9853216581222446,1.4342171964149813e-05,0.42791758630526494,0.0002295668920231945,0.5586049345506063,0.0009621613349830529,71,9,1
648,0.9769739625538282,4.962264508075265e-05,0.4192050493712252,0.0001275531390615796,0.2261004077995184,0.0007714917667219984,72,1,9
649,0.9937592025270005,8.535405741362385e-06,0.42715500394329503,8.705847723895481e-05,0.4550613112180118,0.00035471352795375167,72,2,8
650,0.9940391239453733,5.671561185708446e-06,0.42237985223535157,0.00031211137026165457,0.4693957261700975,0.0002516139729288854,72,3,7
651,0.9938503828550483,4.256845032467478e-06,0.42562367021466474,7.779099868615654e-05,0.47388666577760374,0.0005670065634247496,72,4,6
652,0.9933394771650543,2.4039330907409585e-06,0.4219459072431438,8.473459735128322e-05,0.4728115108507701,0.00021473342128955594,72,5,5
653,0.9929726412941627,4.8090216063857285e-06,0.43251863063010004,1.9461404536566245e-05,0.48681751747699437,0.0002411569029110816,72,6,4
654,0.9917986171552727,2.3866138942213203e-06,0.4181047411822578,0.00015698200383063693,0.48281270252596276,0.00019986739978921064,72,7,3
655,0.9901735716619232,5.016266151711578e-06,0.4268504594298321,0.0001267115584677505,0.5080601042006787,0.0003007508222989727,72,8,2
656,0.9849202296195411,2.5369384295182452e-05,0.41394392728901286,0.00013307879310463884,0.5506229359552792,0.0009419267995936354,72,9,1
657,0.9822103351153555,1.4964822993586574e-05,0.42560950039649015,0.00012084178795553282,0.24387717701483042,0.0004307829772825649,73,1,9
658,0.9938208097908732,1.6135866908324586e-06,0.42873440542550495,7.464640575295663e-05,0.4581750055390798,0.0001958154697091018,73,2,8
659,0.9941937259657458,3.910568647664189e-06,0.43537205378198984,4.0203453112706875e-05,0.47289502867484967,0.0003779093040278205,73,3,7
660,0.9939037036921333,2.2783462370160455e-06,0.43530588442126994,0.00010736431387902514,0.4747185222218945,0.00013688308849344458,73,4,6
661,0.9934916493511737,4.5828942537417925e-06,0.43203360221845766,5.280305425116258e-05,0.47677648607640627,0.00028738959997580437,73,5,5
662,0.9928629911433708,1.6947223481718459e-06,0.42736878526241584,5.491582945737733e-05,0.4779770918453781,0.0003302861377154604,73,6,4
663,0.9919201187855967,2.4057276644976014e-06,0.42820912313872045,0.0002407382145560248,0.49169310909345265,0.00022699986108132202,73,7,3
