,0,1,2,3
0,"[0.9908516646325661, 7.450168602273315e-07, 0.43063566737491704, 1.8935132424844372e-05, 0.2910937902346769, 6.541313230630493e-05]",1,9,0
1,"[0.09804276312945168, 2.5001613197740038e-05, 0.7480070582841855, 1.1919100934647868e-05, 1.0, 0.0]",1,9,1
2,"[0.98967984721987, 1.8530387247663774e-06, 0.44328132485856825, 1.737363303846891e-05, 0.29320034870952993, 4.5559203378589586e-05]",1,9,2
3,"[0.0987264340268905, 9.660562266716272e-06, 0.7460365017591969, 2.4589477809008875e-05, 0.6528111917757057, 0.0]",1,9,3
4,"[0.09699752006324816, 4.470312357571279e-05, 0.7488210599345642, 2.1405192364538726e-05, 0.960698857122921, 2.220446049250313e-16]",1,9,4
5,"[0.9909373065779175, 9.812232130358276e-07, 0.43740839133541765, 3.1340931754803536e-05, 0.29205220247652963, 9.76077386527633e-05]",1,9,5
6,"[0.09849121775283581, 3.396576574871016e-05, 0.7461329698408168, 2.540865221497915e-05, 1.0, 0.0]",1,9,6
7,"[0.3945089027422275, 7.514379821528582e-05, 0.49415493152022916, 6.022554498380575e-05, 0.928948469282668, 3.3306690738754696e-16]",1,9,7
8,"[0.09854077460498316, 8.956839410218324e-06, 0.7470293896812872, 1.3171585255255862e-05, 0.8500149337561106, 0.0]",1,9,8
9,"[0.095277484248755, 1.8537611200607807e-05, 0.75262372029843, 1.6012358207008328e-05, 0.9119491617408709, 2.220446049250313e-16]",1,9,9
10,"[0.9908124408569717, 9.25837321040064e-07, 0.42697697391510336, 2.5187933900697316e-05, 0.2910549920706385, 6.830781419815339e-05]",1,9,10
11,"[0.38884457122017163, 9.097986653659623e-05, 0.4964189679669997, 2.4322398803031894e-05, 0.8477823428341794, 1.1102230246251565e-16]",1,9,11
12,"[0.09723195099076046, 5.591629513591901e-05, 0.7508285669428617, 1.4536104485797767e-05, 1.0, 0.0]",1,9,12
13,"[0.3717510839181757, 6.78074239740394e-05, 0.49873853688874603, 1.8863815455758615e-05, 0.3694367354102105, 5.551115123125783e-17]",1,9,13
14,"[0.09755815521807427, 5.985113901945635e-05, 0.7479648288412605, 2.0600723746928412e-05, 1.0, 0.0]",1,9,14
15,"[0.09854564783382375, 1.3772341171299431e-05, 0.7480921052945646, 2.476190937952419e-05, 1.0, 0.0]",1,9,15
16,"[0.09796229819855257, 1.8815314376811644e-05, 0.7485392154752558, 1.2448522692290512e-05, 1.0, 0.0]",1,9,16
17,"[0.3715291753142084, 5.0749781397695346e-05, 0.5003141004453864, 4.325479486464342e-05, 1.0, 0.0]",1,9,17
18,"[0.09911740271128522, 1.7635272156080044e-05, 0.7438684309390378, 1.4911937393483164e-05, 1.0, 0.0]",1,9,18
19,"[0.9904412329182257, 1.951116182017862e-06, 0.4391147566627125, 2.6907926215937346e-05, 0.29259091479907284, 7.573076720275302e-05]",1,9,19
20,"[0.3722007468508826, 3.212013624578902e-05, 0.4985570514080892, 1.1451728449079302e-05, 1.0, 0.0]",1,9,20
21,"[0.09818891128471643, 1.8354999736163023e-05, 0.7476541318731201, 1.9642380294820746e-05, 1.0, 0.0]",1,9,21
22,"[0.9908778587063362, 3.340240822516615e-06, 0.43433242171523184, 0.0001161027516196562, 0.2941756021639244, 8.434449909713633e-05]",1,9,22
23,"[0.09992462461023649, 2.5312649673750758e-05, 0.7437078091313791, 4.378377058557258e-05, 1.0, 0.0]",1,9,23
24,"[0.09551781057468693, 4.8925873722643494e-05, 0.751551021916045, 3.1851045843334e-05, 0.9755283531666801, 3.3306690738754696e-16]",1,9,24
25,"[0.3620108228630679, 0.00012396517928634174, 0.5027270246088045, 2.7390415525337256e-05, 0.7185709068663562, 2.220446049250313e-16]",1,9,25
26,"[0.0964729348247374, 1.81392869661068e-05, 0.7521707779892688, 3.414992394739748e-05, 0.4686942935728845, 0.0]",1,9,26
27,"[0.9908074640570078, 1.0395888266187342e-06, 0.42871051210243355, 1.6534799035590017e-05, 0.2874386213266257, 5.384864758800764e-05]",1,9,27
28,"[0.9908796715340505, 2.1333322691881146e-06, 0.43206207295968885, 3.034142470034306e-05, 0.2894995541990567, 0.00017597705865118624]",1,9,28
29,"[0.990815558622273, 1.285962798848374e-06, 0.42514249402638976, 4.9258727727673906e-05, 0.2934991179800035, 7.986682249107523e-05]",1,9,29
30,"[0.3737393677184401, 0.00017478817425763623, 0.5021844681697738, 1.5483541473087878e-05, 0.90900662279253, 3.3306690738754696e-16]",1,9,30
31,"[0.9909448566676297, 1.9004919902316616e-06, 0.4396445745932915, 4.8756514178528434e-05, 0.2961898878016448, 0.00014290190438164013]",1,9,31
32,"[0.09650609157991179, 3.630377561844851e-05, 0.7480255186909449, 1.740499694086821e-05, 0.4595085599924652, 5.551115123125783e-17]",1,9,32
33,"[0.09753522881044813, 2.411100346735214e-05, 0.747846283466053, 4.276685764821738e-05, 0.5761793879180487, 1.1102230246251565e-16]",1,9,33
34,"[0.0973633324693492, 1.8322264850673824e-05, 0.7492124274026088, 3.560182988148319e-05, 0.8671012810722143, 0.0]",1,9,34
35,"[0.09719902623642346, 2.4472896510053398e-05, 0.7488200066126437, 1.5040074857799048e-05, 0.17097450353323934, 2.7755575615628914e-17]",1,9,35
36,"[0.09814429179075909, 4.169333616759361e-05, 0.7496106999812499, 4.390944276833214e-05, 0.676369418648066, 1.1102230246251565e-16]",1,9,36
37,"[0.09955825388678624, 3.1522711983910204e-05, 0.7439766809462435, 2.034493855772516e-05, 1.0, 0.0]",1,9,37
38,"[0.3819913186648422, 2.4451809108016992e-05, 0.4939320247739109, 1.982888801276482e-05, 0.9422412444802079, 2.220446049250313e-16]",1,9,38
39,"[0.9906128109735691, 6.000097466610939e-07, 0.4341590845755182, 1.4757574330841203e-05, 0.2894734329168582, 3.6310989260371194e-05]",1,9,39
40,"[0.09733811439669109, 1.2661530052019796e-05, 0.7498457899049792, 1.8560283474162677e-05, 1.0, 0.0]",1,9,40
41,"[0.990730937379871, 1.2778683768948453e-06, 0.4366227919165629, 1.4431637604957655e-05, 0.29574300190762765, 3.808438890113997e-05]",1,9,41
42,"[0.9908073310348582, 1.196126215834393e-06, 0.4292059621593019, 2.6801135602906955e-05, 0.28941270600453856, 5.368749909313497e-05]",1,9,42
43,"[0.37574213543455937, 4.1525948668294494e-05, 0.49943327008858074, 1.932887116116805e-05, 1.0, 0.0]",1,9,43
44,"[0.09782700465012038, 1.4615315292132878e-05, 0.7464218850611827, 3.8656142900044605e-05, 1.0, 0.0]",1,9,44
45,"[0.09618620373240015, 6.50934176692969e-05, 0.7529252833160486, 2.0673369025880407e-05, 0.8493410855307104, 0.0]",1,9,45
46,"[0.9896992937118089, 1.7324384833969248e-06, 0.4234300090750527, 1.5682322416193187e-05, 0.2869615909444923, 5.248676772553102e-05]",1,9,46
47,"[0.09691670081012449, 2.1641395922864462e-05, 0.7476668011810556, 2.6570770548213284e-05, 0.28919151519056413, 0.0]",1,9,47
48,"[0.09644160080175482, 1.71112298285624e-05, 0.7499160631020169, 2.32597187331155e-05, 0.9526291533040179, 2.220446049250313e-16]",1,9,48
49,"[0.9908961429421372, 2.8374535140119953e-06, 0.432042758815012, 2.6739602811719926e-05, 0.29297897111141036, 9.018040747322102e-05]",1,9,49
50,"[0.987390769904473, 7.941701736193758e-07, 0.42990868206970956, 3.37507187925115e-05, 0.1711756155281856, 5.764588284634082e-05]",2,8,0
51,"[0.37130754945058553, 0.00012358432939011855, 0.5007909411809939, 3.984790862086366e-05, 0.8184585621924136, 3.3306690738754696e-16]",2,8,1
52,"[0.37788074707341346, 0.0001928001920995633, 0.4988041151626409, 1.4290045719435579e-05, 0.1807535209531572, 0.0]",2,8,2
53,"[0.9874751279759227, 1.3495825792960077e-06, 0.43483700788834284, 4.850504255494518e-05, 0.17403763038482906, 5.375450906843193e-05]",2,8,3
54,"[0.3759732111124737, 0.0001234990262035597, 0.5010550276173346, 2.2937974128364918e-05, 0.9385547076450994, 5.551115123125783e-16]",2,8,4
55,"[0.9874031671245226, 1.1973732765442466e-06, 0.43082689300692456, 4.270165309767049e-05, 0.17243408246845918, 7.99283667795426e-05]",2,8,5
56,"[0.9874550314302336, 2.248742487168162e-06, 0.4297987963901312, 1.4743581147116547e-05, 0.1741237627121626, 0.00012067482143773057]",2,8,6
57,"[0.9876136403127833, 1.0448196378759506e-06, 0.4360060077207164, 5.5647096370536806e-05, 0.17901440105683572, 5.27572115276605e-05]",2,8,7
58,"[0.987332253441158, 1.3078484419227703e-06, 0.4287837653430143, 1.9745114561430964e-05, 0.1737067054788518, 6.395606912339509e-05]",2,8,8
59,"[0.987386988635716, 1.729057555982923e-06, 0.4279522519332151, 2.1238586586855422e-05, 0.17383291709862297, 5.010068544415886e-05]",2,8,9
60,"[0.9875471983199484, 1.4332521385788536e-06, 0.43461384362733646, 4.4311489106719064e-05, 0.17834668863549633, 5.297693542031425e-05]",2,8,10
61,"[0.9873274518798171, 1.3225107748219019e-06, 0.4223459783843743, 3.2449385357068914e-05, 0.16989404929791077, 5.0369176137180096e-05]",2,8,11
62,"[0.9873569622966581, 6.550158982718754e-07, 0.42848557751577643, 7.437079966771743e-05, 0.17209563039578632, 3.216081607887748e-05]",2,8,12
63,"[0.9875991889444036, 1.4053261655331861e-06, 0.4413757426356755, 3.6176167380148825e-05, 0.17751681856342685, 0.00012160039983039775]",2,8,13
64,"[0.9874119673520407, 1.19384001508552e-06, 0.4292555661914325, 1.285035928125979e-05, 0.17563758210286198, 2.995001858578071e-05]",2,8,14
65,"[0.3767556681615218, 3.62212944398686e-05, 0.4986741447814382, 2.894520709795078e-05, 0.6836904882498709, 2.220446049250313e-16]",2,8,15
66,"[0.9875038062093646, 1.4081417769389689e-06, 0.4334142262160381, 4.091792545836301e-05, 0.17438001503941705, 0.0001008182260183767]",2,8,16
67,"[0.9873866171185567, 1.786223471504589e-06, 0.4289402548755011, 1.0795542976599559e-05, 0.17573589736078538, 5.2290798379966693e-05]",2,8,17
68,"[0.9874557063144908, 9.807388635432033e-07, 0.4326324368039026, 3.0552673025906986e-05, 0.17289960097190993, 4.2530997521389106e-05]",2,8,18
69,"[0.9875167286467591, 2.276608827232408e-06, 0.432481489363295, 1.1558025562471934e-05, 0.17632401493686728, 8.202777329165577e-05]",2,8,19
70,"[0.9875400813773271, 2.8986598782069575e-06, 0.4374493346518771, 3.9621581589683e-05, 0.17789091513504007, 6.156225490782886e-05]",2,8,20
71,"[0.9874764393718779, 8.631704145718023e-07, 0.43011634891657285, 1.2924672218413287e-05, 0.17753149168610205, 4.217258120584724e-05]",2,8,21
72,"[0.9865094572102537, 2.627437010294308e-06, 0.4286943053976808, 3.071188872380702e-05, 0.17537208764271725, 4.8177572499276965e-05]",2,8,22
73,"[0.9875332868381262, 3.1050551365703035e-06, 0.43930094772612494, 2.4245078463447425e-05, 0.17659217655783646, 0.00018353715205599692]",2,8,23
74,"[0.9873312040596683, 1.4145997766733152e-06, 0.42816634282198834, 2.4393681908725448e-05, 0.16969423458919644, 4.092684728083818e-05]",2,8,24
75,"[0.9874636037468562, 2.869026524830232e-06, 0.429759943447898, 4.151045293168149e-05, 0.17400256881544635, 0.00016052552504603653]",2,8,25
76,"[0.38383403218546014, 2.2524079958299235e-05, 0.49610268307596134, 2.1807874287277953e-05, 0.7711714837914496, 0.0]",2,8,26
77,"[0.9873961968512899, 2.1335741954048295e-06, 0.42884142497924177, 5.199282962688722e-05, 0.17473313021948578, 5.9814003745928616e-05]",2,8,27
78,"[0.9874256378105759, 1.129022240150853e-06, 0.4311951004232799, 1.4333793686861208e-05, 0.1739806611862362, 5.6347883165781685e-05]",2,8,28
79,"[0.9875154297575441, 3.1727918689657993e-06, 0.4361994503676399, 1.647908798676532e-05, 0.17709332923211293, 0.00010327167634649741]",2,8,29
80,"[0.987439531043548, 1.9133174969304813e-06, 0.4352375816626183, 1.880963458702354e-05, 0.1754029885673483, 7.973370507817537e-05]",2,8,30
81,"[0.987485887275044, 1.5165269778053665e-06, 0.4350952295487183, 4.3336403192208055e-05, 0.17528482860785635, 7.288434893332653e-05]",2,8,31
82,"[0.9874388089287848, 5.833028502421497e-06, 0.4310412242780206, 9.406975462754232e-05, 0.17763483527742993, 0.00014202830667912406]",2,8,32
83,"[0.3689005121313846, 0.000165134271754992, 0.49902212190138046, 1.981867544546775e-05, 1.0, 0.0]",2,8,33
84,"[0.9874966183371592, 1.470889802311221e-06, 0.43421718065717185, 1.781276367569698e-05, 0.17789158249706327, 3.1677054728140167e-05]",2,8,34
85,"[0.37315781903129447, 0.00018273151999544747, 0.5016705932153467, 3.234305825096564e-05, 0.8109059200001777, 4.440892098500626e-16]",2,8,35
86,"[0.3914338472719038, 0.0001191781600191088, 0.49700001791516285, 2.6867189916505823e-05, 0.5343469620743726, 1.1102230246251565e-16]",2,8,36
87,"[0.37075854915117773, 0.00014103384907221061, 0.5009373089392939, 2.9742710055814843e-05, 0.90534815503811, 2.220446049250313e-16]",2,8,37
88,"[0.9874594474141111, 1.7931239566148152e-06, 0.42817698340528565, 2.1208333674369166e-05, 0.1723761335451223, 3.408748225944335e-05]",2,8,38
89,"[0.37901652716772344, 0.00011289774347703772, 0.4979106959961659, 2.0235175377599333e-05, 0.9922675626590505, 1.1102230246251565e-16]",2,8,39
90,"[0.9873535304738601, 6.93947420575232e-07, 0.4386505807128276, 1.043960417534883e-05, 0.1778536081834108, 5.060200699042454e-05]",2,8,40
91,"[0.9876239131633742, 1.1468458010551236e-06, 0.43585999117450386, 1.4406450073023806e-05, 0.1778675978421757, 9.832857745403951e-05]",2,8,41
92,"[0.9874318469376689, 1.4506369409797142e-06, 0.43160265813914955, 1.2737254554201699e-05, 0.17792220197169883, 6.237941608151243e-05]",2,8,42
93,"[0.9874755611254764, 4.883533173657492e-06, 0.4322375613781225, 4.925721322894757e-05, 0.17532688383906703, 0.000129496031675541]",2,8,43
94,"[0.9873490688690624, 2.876774900764491e-06, 0.4284891410043173, 1.6678864180896414e-05, 0.17286572470662534, 0.00011667453385668237]",2,8,44
95,"[0.36951730502151503, 0.00010265967915403574, 0.49906813424361157, 8.901980249502263e-06, 1.0, 0.0]",2,8,45
96,"[0.9875198850580871, 1.1531681288505873e-06, 0.43451132403439297, 4.5902805927022426e-05, 0.17708641871257225, 0.00010280453743837435]",2,8,46
97,"[0.9873671372081041, 2.2190833904741294e-06, 0.42977657010024867, 3.6243781985823465e-05, 0.17234123040033672, 0.00012747114385013993]",2,8,47
98,"[0.9875103117067802, 8.251110735613929e-07, 0.4316656828873934, 4.922418283807356e-05, 0.17760020475426747, 6.68418838225206e-05]",2,8,48
99,"[0.9874579496725553, 1.1924411566784942e-06, 0.43158774861042515, 4.413622575114687e-05, 0.1745749863699354, 6.895426567151778e-05]",2,8,49
100,"[0.9850190207473262, 1.2519525865967368e-06, 0.43555265129199516, 3.308375580376773e-05, 0.14358645064433664, 0.00010890544751705075]",3,7,0
101,"[0.9848041367877585, 1.3007450803399064e-06, 0.4341848375260548, 7.571984407516793e-05, 0.1393681898686472, 4.966014464041111e-05]",3,7,1
102,"[0.9848754332598464, 1.1036146909076776e-06, 0.43361931048337016, 2.4286116516974374e-05, 0.14102910563696408, 9.514137429253919e-05]",3,7,2
103,"[0.9846436595526536, 5.025232657617574e-06, 0.4260125486482231, 3.226888801559943e-05, 0.13643333454573636, 0.00010331327139639614]",3,7,3
104,"[0.9849554334478505, 1.979425345143704e-06, 0.4339937543122726, 9.475829165623262e-06, 0.14247102468041348, 3.816842556755663e-05]",3,7,4
105,"[0.9847181933724876, 1.9067827157968087e-06, 0.4315913597785341, 4.780251466662446e-05, 0.13584334282135033, 8.637857166408387e-05]",3,7,5
106,"[0.9846748348852775, 4.510033203154165e-06, 0.4257366436900152, 1.3061949758468126e-05, 0.137974258758107, 7.953181990747988e-05]",3,7,6
107,"[0.9848527157204645, 3.285621290824377e-06, 0.4332723511853161, 2.8478484799128306e-05, 0.1436646705110488, 0.000111900452106387]",3,7,7
108,"[0.9847953274445245, 2.4015748495644896e-06, 0.4336420822993359, 1.9938159016915454e-05, 0.14130815571242533, 7.344386975156526e-05]",3,7,8
109,"[0.9847644085079389, 3.122781812800148e-06, 0.4320469330936608, 1.8964256952771167e-05, 0.14171945747366368, 3.725375910758537e-05]",3,7,9
110,"[0.9846884944775632, 3.877218743956945e-06, 0.4330834692313725, 2.642675400623505e-05, 0.13428354274213375, 7.458294130595224e-05]",3,7,10
111,"[0.9848296598937296, 2.6005386491915254e-06, 0.43099460997196054, 1.5002022775944848e-05, 0.14252881037108825, 6.912176686845272e-05]",3,7,11
112,"[0.9845348205127534, 2.7803973168402153e-06, 0.4269480363113242, 2.950199650992202e-05, 0.13482876655296008, 3.908793649042077e-05]",3,7,12
113,"[0.9846186855141669, 1.4286154334862473e-06, 0.42875243919029843, 2.218785864648403e-05, 0.14091461046489184, 0.00011365168255575691]",3,7,13
114,"[0.9847934945893453, 1.9459379852953683e-06, 0.43236025320317106, 4.19733597640404e-05, 0.14047040393597524, 5.214819809888801e-05]",3,7,14
115,"[0.9848550570825201, 1.470968814849146e-06, 0.43649677923321806, 1.4128496499792964e-05, 0.1440983854611597, 3.954629333877509e-05]",3,7,15
116,"[0.9850440934304976, 2.1452311236412143e-06, 0.4385928721906743, 5.0358968301017826e-05, 0.14354292048354336, 4.3817775110386375e-05]",3,7,16
117,"[0.9847125012772165, 2.0478570563848384e-06, 0.4291056676752736, 5.1087438562766446e-05, 0.13849466480668393, 0.00012242048788552488]",3,7,17
118,"[0.9847964098504374, 2.3264260172822954e-06, 0.426873983137084, 2.121945060578963e-05, 0.13963059874581285, 5.181845448448632e-05]",3,7,18
119,"[0.9847159301174122, 1.3617127496266299e-06, 0.43091129328154854, 2.1389330898422193e-05, 0.13796726200772041, 3.458241966498799e-05]",3,7,19
120,"[0.9850322231595598, 2.187310058690775e-06, 0.43626319958517695, 2.14956248869247e-05, 0.14619072940905523, 6.787270275567537e-05]",3,7,20
121,"[0.9846874583998501, 1.0648989700865012e-06, 0.4276459414397672, 2.0416311445835778e-05, 0.14094880945245686, 3.638347765810985e-05]",3,7,21
122,"[0.9846995303508298, 4.185644439114369e-06, 0.431274660189233, 5.294833487893815e-05, 0.13799995998298983, 5.935344017129937e-05]",3,7,22
123,"[0.9846995323595235, 1.6925532485734287e-06, 0.4332539181967161, 2.824811301134935e-05, 0.14005433213833776, 4.380774140332878e-05]",3,7,23
124,"[0.9846843190905832, 2.7569526058442423e-06, 0.43065077877478736, 4.183305852992634e-05, 0.14258404023710952, 6.527042404507304e-05]",3,7,24
125,"[0.9847109722820951, 1.8308891722789557e-06, 0.4285475623455707, 3.963656519912433e-05, 0.13844801141078353, 9.433030451121144e-05]",3,7,25
126,"[0.9848672349194517, 2.7625840085416433e-06, 0.43482360591966984, 8.781527125836845e-06, 0.14370252430024252, 7.08622391392723e-05]",3,7,26
127,"[0.9849456842172482, 4.004036647491921e-06, 0.43822398897968456, 4.482470817172915e-05, 0.14331616472014588, 8.032906774475864e-05]",3,7,27
128,"[0.9849024065593281, 2.362964781405988e-06, 0.4331215403881837, 1.8941542715535243e-05, 0.14099160713359368, 5.779689990084627e-05]",3,7,28
129,"[0.9846205729404304, 1.4025236496297049e-06, 0.4228075072727662, 2.6069510528860175e-05, 0.13586740074532228, 3.802167716271697e-05]",3,7,29
130,"[0.9846521261225466, 4.726243149328009e-06, 0.4305543351521927, 3.239347107639433e-05, 0.13921299933849013, 0.0001329944518394863]",3,7,30
131,"[0.9849609421844571, 1.6807919386120298e-06, 0.4350076081507018, 5.239176031194576e-05, 0.1437743831009474, 4.960836280127685e-05]",3,7,31
132,"[0.9849434322382788, 3.948811375986225e-06, 0.4379738809430561, 1.4190757583513854e-05, 0.14532506325752229, 5.0881449270560116e-05]",3,7,32
133,"[0.9848334137822503, 1.8431670574229547e-06, 0.43419676455478884, 5.050021159782109e-05, 0.1373602148497502, 3.374380362620176e-05]",3,7,33
134,"[0.9848176930152397, 5.2354463064910885e-06, 0.43166305657977955, 1.3519801854331562e-05, 0.13840165891888634, 6.694227798186695e-05]",3,7,34
135,"[0.9848717737997722, 2.2425408217631105e-06, 0.43642889124632883, 1.360169047579615e-05, 0.1406628628352907, 4.370286947843271e-05]",3,7,35
136,"[0.9848597317461466, 3.0171697448479147e-06, 0.43175806153758334, 7.854749690746385e-06, 0.1394284364306143, 6.923983803865744e-05]",3,7,36
137,"[0.9848662360640396, 1.6735665150810517e-06, 0.43565153559268127, 3.365340464515349e-05, 0.14258860162904172, 4.140124191461226e-05]",3,7,37
138,"[0.984914235348413, 1.4089627482023102e-06, 0.43430585670538396, 1.7134840626650858e-05, 0.14120404840790854, 5.1448307694306055e-05]",3,7,38
139,"[0.9848675608744076, 1.2387356457451051e-06, 0.43178880840548467, 5.251715979442897e-05, 0.14167258690058926, 5.312803814266956e-05]",3,7,39
140,"[0.9847724703073922, 4.8068257730671075e-06, 0.432916262932515, 3.8099354558441935e-05, 0.13696765415129386, 0.00012302459612049084]",3,7,40
141,"[0.9847896542052086, 3.333431487084027e-06, 0.4400950702175357, 6.97855788368781e-05, 0.14235707550449847, 8.193667333149298e-05]",3,7,41
142,"[0.9834714591938826, 1.5964494397850072e-06, 0.4276330822796307, 3.241959172981204e-05, 0.13683789536265226, 0.00011310571966412493]",3,7,42
143,"[0.9840310055041583, 1.285882247476496e-06, 0.43279407674355175, 1.26282266116801e-05, 0.1396846660275665, 8.842849177011687e-05]",3,7,43
144,"[0.9848953450157103, 2.5060489199716932e-06, 0.4316401907153618, 2.9483464970996254e-05, 0.14533456716182655, 0.00010272889931028069]",3,7,44
145,"[0.9846769082561564, 1.7686161372548903e-06, 0.4325607686546547, 2.220236192484494e-05, 0.13816874838500817, 3.560767338393551e-05]",3,7,45
146,"[0.9845648151674795, 1.6784504093509962e-06, 0.4389138895673361, 3.469400173336154e-05, 0.14243751635583085, 4.944615773171413e-05]",3,7,46
147,"[0.984704782735887, 1.3226989396182266e-06, 0.4291438671470717, 2.733453772130993e-05, 0.13719401116100544, 4.306462336968008e-05]",3,7,47
148,"[0.9848107475003168, 4.677410883806272e-06, 0.42999621931967863, 5.6411548558819136e-05, 0.14203682796769804, 0.0001137521059089521]",3,7,48
149,"[0.9845739091342216, 3.0708416530888174e-06, 0.4251079007086195, 4.027854188915455e-05, 0.13625480496848513, 8.403649882071547e-05]",3,7,49
150,"[0.9824351322133971, 3.4437800767218725e-06, 0.42795583784883967, 2.7747582463119014e-05, 0.1304988342011391, 0.0001013635339841796]",4,6,0
151,"[0.9825413977615653, 4.2979771563764205e-06, 0.4310522351942563, 3.290062602002642e-05, 0.13447002721559256, 4.874733326552502e-05]",4,6,1
152,"[0.9825008873287318, 1.7560611631286932e-06, 0.43069779226768135, 2.4614586563352734e-05, 0.13068509527794037, 3.873762265726185e-05]",4,6,2
153,"[0.982532663050408, 5.961887842050822e-06, 0.43204379991142156, 4.862631804775809e-05, 0.13211521934947268, 8.340144458140442e-05]",4,6,3
154,"[0.9825063094922262, 1.2608038924466189e-06, 0.4300183210396499, 2.1502165929061298e-05, 0.12960520329678019, 6.316322562266125e-05]",4,6,4
155,"[0.9824048665373735, 2.2267929585800914e-06, 0.42916700866454466, 1.9407238788568978e-05, 0.12993914740765392, 4.201181153393449e-05]",4,6,5
156,"[0.9825744777905028, 5.7348227789805465e-06, 0.43288647378209577, 5.118513464477027e-05, 0.13094731628919137, 0.00011682694077160889]",4,6,6
157,"[0.9826208158781938, 4.354199199540526e-06, 0.43449243593988546, 1.3290026796221749e-05, 0.13004216065057858, 6.015368346206217e-05]",4,6,7
158,"[0.9826758652497746, 1.1465558706073253e-06, 0.43906640798558766, 1.2915387481904455e-05, 0.1307618654473225, 6.083182841832942e-05]",4,6,8
159,"[0.9824260302825155, 1.3965666026723816e-06, 0.4282831763807491, 1.3019690010622057e-05, 0.13018669030891686, 5.9213658385360266e-05]",4,6,9
160,"[0.9825630403566759, 2.9175365742070554e-06, 0.4315980508225721, 2.321948886437078e-05, 0.1315739050386069, 4.717311104108109e-05]",4,6,10
161,"[0.9825792042577173, 2.1217328878091053e-06, 0.43137384156285086, 3.194461442084083e-05, 0.12697280223929255, 5.298599439444501e-05]",4,6,11
162,"[0.9826314657594272, 4.515037522193994e-06, 0.4360533221273321, 3.0451680168814216e-05, 0.13199083759146893, 4.378484355958642e-05]",4,6,12
163,"[0.9822918180607898, 3.317705310061269e-06, 0.42580481379042223, 3.258062886634627e-05, 0.12818788761187544, 6.704143929250584e-05]",4,6,13
164,"[0.9825709017728279, 4.052910286596831e-06, 0.4318421860260336, 2.3318730839891737e-05, 0.13193821101450168, 9.02896928439194e-05]",4,6,14
165,"[0.982544462465873, 3.825725208632181e-06, 0.4284693855484063, 3.337343301486445e-05, 0.12943594207341655, 0.00011836317051128863]",4,6,15
166,"[0.9825699893124897, 4.152880399479885e-06, 0.4305867699394197, 4.086283091560316e-05, 0.130405814939248, 5.601224955371595e-05]",4,6,16
167,"[0.9823281912071261, 2.2958976420145864e-06, 0.42489523055482664, 4.998464984661928e-05, 0.12659252558708292, 5.272169349465342e-05]",4,6,17
168,"[0.9826667306742206, 3.169480230451538e-06, 0.4400242773490893, 3.05638940892156e-05, 0.13121095191418516, 5.814469601288925e-05]",4,6,18
169,"[0.9825139681903415, 3.548756314564788e-06, 0.4329337139780891, 9.554679982571825e-06, 0.1274354964727384, 4.5158567448122985e-05]",4,6,19
170,"[0.9825968296483265, 3.2359125953529136e-06, 0.4339705732467987, 3.151418816908819e-05, 0.13144876344853781, 4.5478719602108784e-05]",4,6,20
171,"[0.9828541597910132, 3.941348815783151e-06, 0.44011255622326156, 5.278078213875694e-05, 0.13617055617227766, 4.383149742077212e-05]",4,6,21
172,"[0.9828866241226424, 1.9030460966350288e-06, 0.44274965088879903, 1.7345282284754315e-05, 0.13705146999737053, 3.5675275980129144e-05]",4,6,22
173,"[0.982859859164374, 1.8370334011440512e-06, 0.4374117393399115, 1.721638044655288e-05, 0.13397495003001664, 2.969861786678638e-05]",4,6,23
174,"[0.9826474503345071, 4.82638001441575e-06, 0.4339700941951104, 5.773346674667618e-05, 0.13144888953770145, 4.9188447266289886e-05]",4,6,24
175,"[0.9827997700314497, 1.718515263619244e-06, 0.4344174321761952, 1.3477878184364954e-05, 0.13584037047277048, 5.426093502126433e-05]",4,6,25
176,"[0.9825011986313875, 2.0367695654774057e-06, 0.4321250864165506, 7.451184548057968e-05, 0.13150086280694512, 4.0995556183345584e-05]",4,6,26
177,"[0.9824351662458245, 3.457261082157208e-06, 0.4318309852190554, 6.087925464648218e-05, 0.12974699825842634, 8.367471458418108e-05]",4,6,27
178,"[0.9825081766054877, 3.651538620505262e-06, 0.432037634270487, 4.279047392072123e-05, 0.13046733805380065, 7.5066443376002e-05]",4,6,28
179,"[0.9825835340328233, 3.040988963013739e-06, 0.42998896779560836, 2.1791500589092607e-05, 0.1286238398676981, 8.014448314586949e-05]",4,6,29
180,"[0.9825817883446499, 1.2554009576947399e-06, 0.4354297593802745, 3.20313265931795e-05, 0.12755075144766334, 3.350208825779586e-05]",4,6,30
181,"[0.9823146250171942, 2.262988640484835e-06, 0.4244552713094538, 1.185486142003313e-05, 0.12459172154596308, 5.605090569162773e-05]",4,6,31
182,"[0.9826478597518897, 1.6027349131874738e-06, 0.4317255828561878, 1.6064294784092655e-05, 0.13335429729835852, 0.00010287396872274082]",4,6,32
183,"[0.9826584075944257, 4.12653893419134e-06, 0.43315279996794753, 3.1845681917691074e-05, 0.13255528156784305, 6.745934002735114e-05]",4,6,33
184,"[0.9825900886449044, 5.931668509962904e-06, 0.43127667536076403, 1.968291425486144e-05, 0.12985232096828606, 0.0001027228504777668]",4,6,34
185,"[0.9826294622468551, 1.6284657045271159e-06, 0.4374001638736293, 1.5592920824108864e-05, 0.12812369365343096, 5.446757424359118e-05]",4,6,35
186,"[0.9825089072864726, 2.888629629996291e-06, 0.4290429854927585, 1.98006699969709e-05, 0.13057405632887484, 4.9288887281762745e-05]",4,6,36
187,"[0.9822953785751328, 3.580302565266795e-06, 0.42709350261037515, 2.2162468511346407e-05, 0.12575950621839563, 6.117557187239534e-05]",4,6,37
188,"[0.9824678153162926, 3.041735625152337e-06, 0.4291161892234802, 1.5905198561194157e-05, 0.12783908741891395, 5.26034514849412e-05]",4,6,38
189,"[0.9826898733772208, 4.9710844032001725e-06, 0.433308985897438, 1.7111421905419637e-05, 0.13315687463073794, 7.418195818661593e-05]",4,6,39
190,"[0.9821563035802425, 4.879591537722446e-06, 0.4248644603192882, 1.1420297112585414e-05, 0.12318846899506573, 4.086967358824857e-05]",4,6,40
191,"[0.982587365951919, 6.377588903832213e-06, 0.43161534893642756, 4.7961907797475e-05, 0.13357110461514884, 0.00018141341685562826]",4,6,41
192,"[0.9825845477627625, 1.8944265576459254e-06, 0.4313511771310468, 2.3005799511827166e-05, 0.13123467625827498, 3.330899431238473e-05]",4,6,42
193,"[0.9827129108257197, 6.01926846859294e-06, 0.4337729645044484, 2.0929408735227073e-05, 0.1349178695081403, 0.00013990797616583023]",4,6,43
194,"[0.9825793875714194, 2.5574924127946495e-06, 0.430364472057764, 1.9832754534351797e-05, 0.12924486142864908, 5.070825719450663e-05]",4,6,44
195,"[0.9828067150346876, 4.532167756533172e-06, 0.4369426613059754, 2.366239337117886e-05, 0.130702900035466, 0.00020223935807865614]",4,6,45
196,"[0.982566344011546, 6.278633208125943e-06, 0.4336299925749804, 2.9885366237694474e-05, 0.1284685077459514, 6.974520374760915e-05]",4,6,46
197,"[0.9825058412466855, 2.4269097770691626e-06, 0.4310235564934019, 2.019519543094202e-05, 0.12745889199676, 5.784884614720983e-05]",4,6,47
198,"[0.9826029656679016, 5.986606608827603e-06, 0.4306605433137154, 3.714555239882635e-05, 0.13040713870062126, 7.113675937556858e-05]",4,6,48
199,"[0.9827598263012062, 1.6840008032632292e-06, 0.43338015510364136, 2.0020285784245252e-05, 0.1323930968500392, 6.140992188079145e-05]",4,6,49
200,"[0.9806201669989113, 1.1005623534018001e-05, 0.4330156325796922, 1.4493888780204402e-05, 0.13391572341700025, 6.193069362412294e-05]",5,5,0
201,"[0.9803772346769004, 4.885423230330959e-06, 0.43352280370742574, 2.0159795137864498e-05, 0.13127341801047457, 4.964183159041146e-05]",5,5,1
202,"[0.9803395112204195, 3.607059044613424e-06, 0.4312432533792063, 3.293666163189682e-05, 0.12783433897403768, 5.1735592541948686e-05]",5,5,2
203,"[0.9803253105246701, 2.3470855431097832e-06, 0.4321718935561049, 2.4069259118387126e-05, 0.1293293869544108, 4.543651416886219e-05]",5,5,3
204,"[0.9804947571379106, 6.32593501983429e-06, 0.43388992083645217, 1.4229505420664221e-05, 0.13364212690246502, 4.768000384950536e-05]",5,5,4
205,"[0.9803049035685315, 2.3288611386535657e-06, 0.43441391313512695, 4.250704490393599e-05, 0.12882252230605382, 6.554852463732087e-05]",5,5,5
206,"[0.9806638702289799, 5.566237970840385e-06, 0.43688842515611076, 1.953263663610515e-05, 0.13368851566702183, 0.00018104978252051333]",5,5,6
207,"[0.9803402697959448, 2.9588650751695495e-06, 0.4304793669350797, 2.5375709935002174e-05, 0.12938101347954817, 2.729189422135499e-05]",5,5,7
208,"[0.9802935531520754, 7.424185733862806e-06, 0.42896829734709346, 3.468765470297875e-05, 0.12660837620878265, 9.073845776680024e-05]",5,5,8
209,"[0.9803433283432734, 5.045810010102117e-06, 0.430215857044214, 2.6291597090616353e-05, 0.12927993613248276, 8.976255539928612e-05]",5,5,9
210,"[0.9801507241786437, 1.7099695595839997e-06, 0.4313830247510423, 2.7434952126099644e-05, 0.1265029586139515, 3.775932748639313e-05]",5,5,10
211,"[0.9802838635715393, 2.149756181696482e-06, 0.4325439749254495, 3.834493689336621e-05, 0.13053728470009007, 5.849113145130155e-05]",5,5,11
212,"[0.9803931253252917, 2.180634189776895e-06, 0.4312832062935628, 2.0506966591428584e-05, 0.12940915861301852, 3.588998566150492e-05]",5,5,12
213,"[0.9803945134793034, 7.50852881708633e-06, 0.4324873847475085, 3.5630036182223914e-05, 0.12749154674479005, 9.574283527676478e-05]",5,5,13
214,"[0.9804191392131371, 6.798671053267166e-06, 0.43484950981315434, 5.144406973919241e-05, 0.1312209533911822, 0.00011773080306243185]",5,5,14
215,"[0.9805723593043786, 4.911971098177333e-06, 0.4386863779085522, 1.008390248578148e-05, 0.12951045718719562, 0.0001564664794690002]",5,5,15
216,"[0.9804907864642569, 4.199821248183108e-06, 0.43305695348379025, 2.548158441053851e-05, 0.13145016511939733, 6.60140734794333e-05]",5,5,16
217,"[0.9807442603036141, 7.312892239957904e-06, 0.4392074082666598, 7.1700489768916485e-06, 0.13725033528293235, 0.00012749972218744292]",5,5,17
218,"[0.9802991969127302, 2.3214263453530765e-06, 0.43431753242748916, 3.5897553372933006e-05, 0.1282741982162692, 5.326108968593696e-05]",5,5,18
219,"[0.9805259568819082, 2.489097200012864e-06, 0.4345889521262835, 4.4426028126255236e-05, 0.1319510904628477, 8.14825387152758e-05]",5,5,19
220,"[0.9801986069591913, 4.351749759871414e-06, 0.4317907311449001, 2.2902278324060375e-05, 0.12801429230214384, 8.913539400268049e-05]",5,5,20
221,"[0.980596130372063, 3.398811968704857e-06, 0.4374882724709071, 1.140234016072622e-05, 0.1342957956580504, 0.00013312317494926186]",5,5,21
222,"[0.9801266103823207, 3.4579953932229347e-06, 0.42531272995823827, 2.790703806157474e-05, 0.12799607609684183, 5.7440541275542066e-05]",5,5,22
223,"[0.9802912871575096, 3.1713272995644162e-06, 0.43410429804667355, 2.6792899226595828e-05, 0.12723488233461666, 5.9426554190421184e-05]",5,5,23
224,"[0.980704986078063, 5.660779988100841e-06, 0.439946793490398, 2.4780104403075686e-05, 0.13389236672850638, 9.634875087880733e-05]",5,5,24
225,"[0.9800060074115974, 6.665015130685405e-06, 0.42307475849718046, 1.782554012003801e-05, 0.12602140728529845, 7.355793816762338e-05]",5,5,25
226,"[0.9802394667303918, 5.064068279148982e-06, 0.43194277699764494, 1.1802612761681773e-05, 0.12842404194823964, 8.756759959173467e-05]",5,5,26
227,"[0.9805929236264613, 3.5628932698432766e-06, 0.43785229893786004, 1.4457981846520913e-05, 0.13383781119528992, 7.779729356039095e-05]",5,5,27
228,"[0.9805892999207886, 2.0277776365298298e-06, 0.43500903467369484, 4.036467658654668e-05, 0.13168280501681023, 6.184616733222612e-05]",5,5,28
229,"[0.9803836406001639, 9.493690863810508e-06, 0.43170833842420425, 1.6292352964201557e-05, 0.12675336045801874, 8.06851744426792e-05]",5,5,29
230,"[0.9802919963654834, 6.326614946609196e-06, 0.4305112236966342, 5.3553068755241985e-05, 0.1295720528669058, 0.0001162358958639809]",5,5,30
231,"[0.9804648282745864, 5.1437282029058255e-06, 0.4309250320504767, 3.497522328937128e-05, 0.12832697901311924, 7.104958748809783e-05]",5,5,31
232,"[0.9802313144166074, 3.224727051580442e-06, 0.4257445198758692, 1.4815135449681598e-05, 0.12808045572200744, 8.224880480516834e-05]",5,5,32
233,"[0.9804883031879491, 9.752418817197116e-06, 0.4339766186876701, 2.1744872514038155e-05, 0.13190620126313723, 0.00021942138986933825]",5,5,33
234,"[0.9805842088461241, 2.523241374268067e-06, 0.44022154087642706, 2.1209303422653132e-05, 0.13395095524897066, 4.346412816128267e-05]",5,5,34
235,"[0.9805235669249452, 6.6086691993056956e-06, 0.43594786423485554, 9.606344172246447e-06, 0.13210088758078614, 7.922812505176116e-05]",5,5,35
236,"[0.9803260478211685, 4.447888979854531e-06, 0.4275143860857688, 4.2660219256583316e-05, 0.12663420278770401, 8.40730906010961e-05]",5,5,36
237,"[0.9800361689159742, 7.873322100672275e-06, 0.4307918613962237, 1.390592862688172e-05, 0.1279507183998598, 0.00012409509829719467]",5,5,37
238,"[0.980799764739717, 6.7095437540403645e-06, 0.4461223272116158, 1.6319168575096005e-05, 0.13334344563334835, 0.0001385498375114628]",5,5,38
239,"[0.9802871203401398, 6.060357037537674e-06, 0.431659290427033, 1.907156994219234e-05, 0.1282014603895704, 6.825835343536005e-05]",5,5,39
240,"[0.9803448785624772, 2.5497496467679847e-06, 0.4297307310116932, 1.929231535686643e-05, 0.12574924401427975, 8.376398986554197e-05]",5,5,40
241,"[0.9803214227381616, 4.394360231274808e-06, 0.433958554207315, 3.0910864532286106e-05, 0.13102246756042754, 7.142813354498424e-05]",5,5,41
242,"[0.9801936225697454, 3.5582071333716366e-06, 0.42656448916138473, 4.565523374951665e-05, 0.1273093668891809, 6.0442395528282566e-05]",5,5,42
243,"[0.9804864184854298, 9.608796488773341e-06, 0.4349976165529455, 2.334614819739759e-05, 0.13360519529312742, 0.00012963724145464804]",5,5,43
244,"[0.9804585379870078, 5.432121336900878e-06, 0.43534606310649837, 1.5451409631853833e-05, 0.12970107455319732, 5.743349458457364e-05]",5,5,44
245,"[0.9804177526360174, 1.4154120406228425e-06, 0.43445453335451817, 3.215208930155325e-05, 0.13147888473934474, 0.00011194835733191859]",5,5,45
246,"[0.9803462341120046, 2.98327527912874e-06, 0.43175237793046467, 1.8930433623226932e-05, 0.12833841056215203, 0.00013366394432148693]",5,5,46
247,"[0.9803754535858106, 2.089713058143466e-06, 0.43976934752084823, 2.077463978062367e-05, 0.1275252227664492, 5.3053942495605705e-05]",5,5,47
248,"[0.9806618685344678, 2.984358885640455e-06, 0.43801114652483797, 3.0228201435942212e-05, 0.13456510881835684, 6.274819221390468e-05]",5,5,48
249,"[0.9808600267297288, 4.594999901593734e-06, 0.4443211512419109, 2.3983869976430973e-05, 0.13694048066993048, 0.00024054278774146332]",5,5,49
250,"[0.9773806547594152, 3.7437837068457374e-06, 0.43035129277540973, 2.843794956927046e-05, 0.13252387630902798, 7.600124273517009e-05]",6,4,0
251,"[0.9773697667710426, 3.590125170913001e-06, 0.4280398137727172, 7.131312399434498e-05, 0.1375292387640566, 0.00010298065256409431]",6,4,1
252,"[0.9776072202769944, 5.043629896146595e-06, 0.43746160230750647, 1.8738283459196727e-05, 0.14020324466134598, 4.8960541078260564e-05]",6,4,2
253,"[0.9775301868310553, 4.697883597970472e-06, 0.4317410969175013, 1.528359064596279e-05, 0.13554667912128585, 9.383254108542391e-05]",6,4,3
254,"[0.9773092619674085, 7.430157140824115e-06, 0.42367311551410747, 2.4131240788654515e-05, 0.13472010488829125, 0.00015108115380386706]",6,4,4
255,"[0.9776779588311687, 4.396964654545917e-06, 0.4359635136453593, 3.690852531276499e-05, 0.137726544515991, 6.291783708183665e-05]",6,4,5
256,"[0.9777090314818074, 3.9513357286945964e-06, 0.4336721517493966, 4.0439800917871944e-05, 0.13839713968251208, 8.317241074859049e-05]",6,4,6
257,"[0.9771447774913274, 1.0737464345553413e-05, 0.4220550458639942, 2.7112212702605336e-05, 0.1315383433847158, 7.734781810170195e-05]",6,4,7
258,"[0.9774382279719646, 6.699301522772704e-06, 0.4300755554815398, 6.921425302483714e-05, 0.136235864895216, 9.272043071788251e-05]",6,4,8
259,"[0.9776763396283609, 5.514599247146651e-06, 0.4335406754118539, 3.188543024586077e-05, 0.13432317735217622, 0.0001002074151349888]",6,4,9
260,"[0.9775914545114207, 5.292146063295885e-06, 0.4297192444113523, 1.6411654327777402e-05, 0.13582439047070743, 6.919709049129376e-05]",6,4,10
261,"[0.9774468110495825, 1.4458842862255762e-05, 0.43428844708204023, 7.186060414162035e-05, 0.1344491025158436, 5.600724515773015e-05]",6,4,11
262,"[0.9776823111775245, 8.90106803131751e-06, 0.4336229056894994, 3.7985756348258475e-05, 0.13658209983494055, 0.00019134138236179756]",6,4,12
263,"[0.9775559759346226, 6.507505269907e-06, 0.43479787318831997, 4.3847862144905606e-05, 0.13800188083474613, 6.316214048307208e-05]",6,4,13
264,"[0.9775376647637728, 2.483815311048694e-06, 0.433588317605871, 3.064591669047184e-05, 0.1355496968438611, 5.74614695710118e-05]",6,4,14
265,"[0.9776303075760568, 5.486372626101008e-06, 0.43290127334580225, 3.758964012112093e-05, 0.13661730716461998, 6.375570453558989e-05]",6,4,15
266,"[0.9771706013017879, 4.683641740049788e-06, 0.42653847179948196, 1.9758707064239572e-05, 0.13573215683224846, 8.003855503130557e-05]",6,4,16
267,"[0.9777198308049033, 8.106543857126294e-06, 0.4357266137741542, 1.4548339208417479e-05, 0.14051746785096317, 6.425839651510528e-05]",6,4,17
268,"[0.9772372534870742, 3.130582301292077e-06, 0.42729135121725487, 5.086958356214335e-05, 0.1368075152764167, 5.429577519644867e-05]",6,4,18
269,"[0.9776139659270409, 4.356939258983178e-06, 0.43424163359320667, 3.235711309036811e-05, 0.136734874678472, 6.965937550542572e-05]",6,4,19
270,"[0.9775950125202846, 2.7105154762542144e-06, 0.4349127654010185, 1.2449062350510065e-05, 0.13766909595070811, 0.00010180951664674912]",6,4,20
271,"[0.9777849186974561, 2.835901601921363e-06, 0.43624398709509943, 1.994929317576056e-05, 0.13254719694548617, 0.00014607905588461705]",6,4,21
272,"[0.9774381318964565, 9.962201370333825e-06, 0.4327066545161098, 2.7140130950595027e-05, 0.13665148250583753, 0.00017204493481984842]",6,4,22
273,"[0.9770735664947692, 5.339218751158481e-06, 0.426778293719418, 3.6298566593292246e-05, 0.13464384222443257, 0.00014133473293691376]",6,4,23
274,"[0.9777629089078225, 4.832929800082983e-06, 0.43674587583529706, 2.129304879998419e-05, 0.14324705224356465, 7.324435884138889e-05]",6,4,24
275,"[0.9780303457424148, 8.865605507729745e-06, 0.4393933750095089, 3.883432733511493e-05, 0.14420206781468045, 0.00010516718412416632]",6,4,25
276,"[0.976994322911562, 1.0402070428747393e-05, 0.4250084081136191, 3.196605630996933e-05, 0.13358533318710886, 0.00013036844348114445]",6,4,26
277,"[0.9773704224630702, 9.224100600612129e-06, 0.4316808804814033, 1.2874285622145495e-05, 0.13906606655571238, 6.66403661522413e-05]",6,4,27
278,"[0.9779257016463346, 9.530945330481587e-06, 0.438434643766495, 6.414796191332235e-05, 0.13952928557706282, 0.00012856922617238319]",6,4,28
279,"[0.9779101854332587, 6.2458174400944486e-06, 0.4413616306645142, 3.365303992909727e-05, 0.1393614363591456, 6.813218305711632e-05]",6,4,29
280,"[0.9776340753947104, 1.3062497101043496e-05, 0.4340278931427931, 1.4576804543287153e-05, 0.13474731060987877, 7.790915609873091e-05]",6,4,30
281,"[0.9772187774725858, 4.221686604005149e-06, 0.42566931190337826, 1.7960917259265746e-05, 0.13091831395935108, 5.244341438561314e-05]",6,4,31
282,"[0.9774216700781957, 2.9652417575537306e-06, 0.4286489419474489, 3.341382845060109e-05, 0.13629611542186382, 9.112988932060286e-05]",6,4,32
283,"[0.9770556253647512, 9.614484347605066e-06, 0.4239022877005174, 6.969632406092996e-05, 0.13153131798039658, 0.00013874894127496244]",6,4,33
284,"[0.9775476600300171, 1.4918344144062027e-05, 0.43257580038024046, 3.336555610562813e-05, 0.1397555841597188, 0.00011311161601436492]",6,4,34
285,"[0.9774073465177521, 3.9924118233798954e-06, 0.43216943778418127, 1.471391950324167e-05, 0.1350260365873189, 8.049539739072245e-05]",6,4,35
286,"[0.9772424857975073, 4.719742845326665e-06, 0.4274215252475722, 3.1716522403351906e-05, 0.13335332749396345, 7.767530592223612e-05]",6,4,36
287,"[0.9775003919224068, 5.61877021927191e-06, 0.43246969506840865, 2.5124759148845435e-05, 0.13360392740706728, 4.2906530987871665e-05]",6,4,37
288,"[0.9772812666853694, 1.1277580043036794e-05, 0.42457166235929694, 1.7498927338993397e-05, 0.13690535164191042, 0.0001951604595250017]",6,4,38
289,"[0.977697641976327, 4.690181552559963e-06, 0.43672003844596313, 5.52616856739927e-05, 0.13607888000504767, 3.414158760585871e-05]",6,4,39
290,"[0.9772778371038809, 9.994326300974574e-06, 0.4297906875108472, 4.388643143666352e-05, 0.13242814876674527, 0.0001106383771525918]",6,4,40
291,"[0.9771422183280907, 8.967151087445642e-06, 0.42773612495537827, 1.2993501697831115e-05, 0.1334125108335465, 0.00015482277528193968]",6,4,41
292,"[0.9774873387074995, 7.530118483157226e-06, 0.43079055974527763, 1.38743700457762e-05, 0.13368200746878658, 0.00017621921421577077]",6,4,42
293,"[0.9775797711077043, 2.1999111229933153e-06, 0.43617702231381505, 3.8768106786406065e-05, 0.1397382345205511, 5.6383033665633675e-05]",6,4,43
294,"[0.977856464969346, 7.995381974870429e-06, 0.4373506452816937, 4.641892079805171e-05, 0.14008390309782467, 0.0001680236062925126]",6,4,44
295,"[0.9774076524981933, 6.549639680365558e-06, 0.429152361488491, 3.744268242895484e-05, 0.13645001168055068, 8.605393234112081e-05]",6,4,45
296,"[0.9778329435074271, 1.0472067719640653e-05, 0.43822703249181133, 2.430504921138796e-05, 0.1393162232746784, 8.672059932292013e-05]",6,4,46
297,"[0.9777928280140975, 5.9417011271374436e-06, 0.4361199613954767, 3.106914673038872e-05, 0.14208641648755088, 0.00010121498711864104]",6,4,47
298,"[0.977561103917573, 2.6437343085273815e-06, 0.42473174911367517, 2.937760369075085e-05, 0.13409262342847272, 0.000149300722645629]",6,4,48
299,"[0.9774061001379435, 4.465301820420084e-06, 0.43014726642384676, 2.8262365175264025e-05, 0.13897195707581744, 0.00011853301097477155]",6,4,49
300,"[0.9722717384741386, 7.675997667109321e-06, 0.4357321633979159, 4.094601737362836e-05, 0.15450393828203415, 0.00011905003724612656]",7,3,0
301,"[0.9718686851850789, 5.555242925490096e-06, 0.428627153232046, 1.917487024031872e-05, 0.1448052386719836, 8.769214749640447e-05]",7,3,1
302,"[0.9718426536996542, 8.709862136545494e-06, 0.42905742596563257, 3.236755299550886e-05, 0.14937163730570688, 9.348175075475786e-05]",7,3,2
303,"[0.9718171751687052, 7.193961315708088e-06, 0.42626012936014274, 9.417723647480808e-06, 0.14845099090923872, 6.452389912982515e-05]",7,3,3
304,"[0.9725669697956039, 7.407590399689043e-06, 0.4337784924805397, 1.4284830466950539e-05, 0.1547666602303707, 7.924071852792258e-05]",7,3,4
305,"[0.9716996862980725, 1.8439195198287043e-05, 0.42554803774285693, 2.774251143442549e-05, 0.14889814308713037, 0.0003284650120709129]",7,3,5
306,"[0.972359485836783, 2.998963000070799e-06, 0.43218010603326956, 1.2912049818041659e-05, 0.14803839583201495, 6.869084956170492e-05]",7,3,6
307,"[0.9723056495911289, 7.627634613516559e-06, 0.4337652581906808, 1.9433946967174626e-05, 0.15094757604937184, 6.320438398024877e-05]",7,3,7
308,"[0.9725098368030262, 1.1349002981876215e-05, 0.43712509082468054, 1.748906593737118e-05, 0.1535750765301447, 4.9613911822757084e-05]",7,3,8
309,"[0.9722253509132428, 1.0703925414863584e-05, 0.4324885905207135, 3.6825026841313135e-05, 0.15141417191607268, 6.509333861903758e-05]",7,3,9
310,"[0.9729179628790813, 1.6374514616706964e-05, 0.43966069900895116, 2.3697142730726174e-05, 0.1536402981619404, 0.00015231960038308235]",7,3,10
311,"[0.9725521228104175, 1.0091142341951088e-05, 0.4312387431023483, 4.1485122649440815e-05, 0.1505794811968246, 8.043125820138465e-05]",7,3,11
312,"[0.9723706845587695, 1.3859403091248001e-05, 0.43171393994836965, 2.950201252085659e-05, 0.1490829303241548, 0.00014108644976019462]",7,3,12
313,"[0.9728850927704554, 7.148432470639616e-06, 0.4363974482594815, 1.3861029858293921e-05, 0.15210813382039323, 0.00014224750579676962]",7,3,13
314,"[0.972175178294026, 1.0755523323566235e-05, 0.4296168260836127, 4.4326532375910685e-05, 0.1505378184521966, 0.00017289131358666528]",7,3,14
315,"[0.9719232242623218, 1.2583056141903458e-05, 0.42498680049182935, 4.8604927398604794e-05, 0.14718300512394172, 5.195370242623367e-05]",7,3,15
316,"[0.971863895367271, 5.622013416646594e-06, 0.42238327840524176, 8.50650632024689e-05, 0.14636534072355187, 0.00011044558145074088]",7,3,16
317,"[0.9715933285847009, 8.167150241435366e-06, 0.4306827253105673, 2.4946921654622506e-05, 0.15085931689163254, 0.00014815968987966924]",7,3,17
318,"[0.9730068140321122, 4.848720419395795e-06, 0.4366013218361359, 1.3919409916246892e-05, 0.15284234107124905, 0.00013629206650120498]",7,3,18
319,"[0.9720887085857567, 1.060053139570923e-05, 0.42809324100541196, 3.57425469851149e-05, 0.14894415703028063, 4.161677550671638e-05]",7,3,19
320,"[0.9721713651196602, 3.4000642610412015e-06, 0.434545905713172, 2.2856524090212268e-05, 0.14978473422067917, 8.390818616271076e-05]",7,3,20
321,"[0.9716920202319904, 4.353027057881017e-06, 0.4241704473194521, 1.975372659723816e-05, 0.14523806447234106, 5.3521416040894604e-05]",7,3,21
322,"[0.9722223457828024, 7.890120691775065e-06, 0.4317743993056624, 2.6827146269311373e-05, 0.15047406365823388, 0.00016583762384469658]",7,3,22
323,"[0.9723617179838604, 5.407625531090808e-06, 0.4362553577352739, 1.60538852634789e-05, 0.15003705542055343, 7.129872577904272e-05]",7,3,23
324,"[0.9719201187465142, 7.954033320912917e-06, 0.42967473012237206, 3.280827938675754e-05, 0.14635003607331112, 7.254201068265373e-05]",7,3,24
325,"[0.972553211798195, 6.273226512066229e-06, 0.43425786048538234, 3.171213760817889e-05, 0.15367343435486258, 7.639186743142594e-05]",7,3,25
326,"[0.9723712099450889, 1.7273021396279106e-05, 0.43260727012697164, 2.096015973560025e-05, 0.14837660178177833, 0.00010020412225726864]",7,3,26
327,"[0.9716525404596418, 6.7894765330470555e-06, 0.4282835685466968, 2.5170629473221697e-05, 0.14333918287435432, 0.00021948653019162099]",7,3,27
328,"[0.971922892064211, 9.53047035285223e-06, 0.4307020387587402, 8.702121354940568e-06, 0.14702277478320017, 6.981013238676095e-05]",7,3,28
329,"[0.971412636601318, 2.70455018066045e-05, 0.4225776708450242, 5.6844324025393336e-05, 0.14546887728906086, 0.00019468645491461565]",7,3,29
330,"[0.9715329066203564, 8.921655736891208e-06, 0.42358619230113864, 1.7455495735296107e-05, 0.1481997493983891, 6.12915709341448e-05]",7,3,30
331,"[0.9717456408238944, 8.549882023430215e-06, 0.42681968817875643, 1.2376885872000288e-05, 0.14612978395137674, 7.69391543404503e-05]",7,3,31
332,"[0.9721581098644788, 7.155386610362888e-06, 0.4308609679913717, 1.589889634886289e-05, 0.14763867932601704, 5.447582765191227e-05]",7,3,32
333,"[0.9726633072701295, 7.684062942942345e-06, 0.43687008895568386, 2.0683922693631734e-05, 0.15458561733809378, 0.00011590851321715111]",7,3,33
334,"[0.9722930328137807, 1.203813339604543e-05, 0.4322118765142402, 1.1112337481804473e-05, 0.1479742296583835, 5.792697862370178e-05]",7,3,34
335,"[0.972145599990397, 6.87837998696955e-06, 0.4299454938266302, 2.456507949641093e-05, 0.1465512042390049, 0.00017037736319883804]",7,3,35
336,"[0.9727877719064927, 4.24681475922895e-06, 0.43570826767348425, 1.374605794812869e-05, 0.1502351599857377, 9.986583776303345e-05]",7,3,36
337,"[0.9720859342094305, 1.3466895438583226e-05, 0.4295823617729684, 4.2481047242513926e-05, 0.14866858885559736, 0.00012624982564830837]",7,3,37
338,"[0.9722180556451885, 5.646739540912827e-06, 0.43084586526861296, 1.5582584566468163e-05, 0.1511905848042921, 0.0001300369266435059]",7,3,38
339,"[0.9721220290198763, 1.4800409198390454e-05, 0.429681976949611, 1.999074515032923e-05, 0.15255070186849914, 0.00010806030061001058]",7,3,39
340,"[0.9728249549159079, 7.979127911954921e-06, 0.4426059333899434, 1.225982778769229e-05, 0.15345604810052096, 0.0002146026878095824]",7,3,40
341,"[0.9721967816471055, 9.795462131927271e-06, 0.43138901339340757, 3.67430316408478e-05, 0.15107300648558936, 6.650525143335215e-05]",7,3,41
342,"[0.9716775152575244, 1.9000742969046272e-05, 0.4261031624231622, 1.763755724760758e-05, 0.14462287399060184, 0.00012719052146259108]",7,3,42
343,"[0.9716470021267257, 8.512688311383761e-06, 0.4270466728130225, 2.4401263354545405e-05, 0.14667555219863354, 4.182759098201652e-05]",7,3,43
344,"[0.9721073758852201, 5.229293831294976e-06, 0.4293640068972272, 1.5873431666070844e-05, 0.14676226872592316, 7.582376295931016e-05]",7,3,44
345,"[0.9721878210273251, 8.987943945161482e-06, 0.4252522817870327, 7.755959649362346e-05, 0.15139888903621332, 0.00014361757013558907]",7,3,45
346,"[0.9725602013581026, 1.730058288581108e-05, 0.42846247835501683, 8.415869872753703e-05, 0.15100442293024738, 0.00010480393051642133]",7,3,46
347,"[0.9719133663703811, 7.56255393596418e-06, 0.43249555558836994, 3.499191192039052e-05, 0.14713414794751387, 6.2050535615509e-05]",7,3,47
348,"[0.9717965448035193, 1.1689092484970987e-05, 0.429073642078199, 1.8839009420206362e-05, 0.14759659420793303, 0.00015172818520511248]",7,3,48
349,"[0.9722164082097751, 1.7546304432842977e-05, 0.43094203158882466, 4.454199325865406e-05, 0.14691476195849584, 0.00013440504527287777]",7,3,49
350,"[0.9486428332946294, 4.8392690747080804e-05, 0.42061121348929237, 3.5092959087645994e-05, 0.17254267771094225, 6.33953024375447e-05]",8,2,0
351,"[0.9529715768864514, 3.9247168951925725e-05, 0.4297282686998191, 1.762487670265314e-05, 0.17414429212683405, 0.00015076976174171743]",8,2,1
352,"[0.9526624598276621, 1.9575063814751086e-05, 0.4341639157088597, 2.1414334169084563e-05, 0.1755968558880283, 0.00016176855750347672]",8,2,2
353,"[0.9515371685733847, 4.752093168548341e-05, 0.4262744174556029, 2.136393227761527e-05, 0.17181516477127082, 0.00017586565426269622]",8,2,3
354,"[0.9515175248645074, 4.17685603755632e-05, 0.4285773645397034, 1.2519197316557855e-05, 0.1751193859611765, 0.00014607970063569843]",8,2,4
355,"[0.9511809713486497, 5.157798225607223e-05, 0.43208658544801626, 2.9327717348847677e-05, 0.17421408604614028, 8.6205324401245e-05]",8,2,5
356,"[0.951020542914782, 3.123207355260184e-05, 0.4301412672262095, 3.498310256472381e-05, 0.1717433447314291, 5.660548427212881e-05]",8,2,6
357,"[0.9499860543538983, 7.18922172173126e-05, 0.42243198789626285, 3.217062912540396e-05, 0.17067864557342627, 0.00013580403554995383]",8,2,7
358,"[0.9520890159444376, 2.156322134184207e-05, 0.4332631749870668, 2.3803078892672457e-05, 0.1746818350182998, 0.00013043553340352242]",8,2,8
359,"[0.9528280900694299, 4.964837567555526e-05, 0.436088312070246, 8.220674345859783e-06, 0.17712429438324503, 6.552309530816757e-05]",8,2,9
360,"[0.9513911144083069, 2.000202119851475e-05, 0.43213682517406304, 2.6914510190764046e-05, 0.1737184406067286, 5.2520259356165706e-05]",8,2,10
361,"[0.9512111571483324, 1.27364732642109e-05, 0.430787629288799, 1.2262001703503246e-05, 0.16937602426371268, 5.523175433207042e-05]",8,2,11
362,"[0.9534468006380707, 2.286235572347979e-05, 0.43242325716723906, 3.0156022312837146e-05, 0.17868972735828345, 0.00013871310681183677]",8,2,12
363,"[0.9506058348944427, 2.1768042860180495e-05, 0.4346782386269589, 3.950575910611946e-05, 0.17440322990403082, 7.355114248759381e-05]",8,2,13
364,"[0.9542896375126271, 4.090166330519911e-05, 0.43781933021063957, 1.9697137074285453e-05, 0.17529182711349664, 9.190653988917979e-05]",8,2,14
365,"[0.9523859774307454, 4.157200907093187e-05, 0.438059202496774, 4.054002391278988e-05, 0.17751587267371785, 0.00011768314528124639]",8,2,15
366,"[0.9486320999913747, 1.8534396920232473e-05, 0.42420051341982107, 4.114093378888875e-05, 0.17298820630153033, 0.00011279156870476444]",8,2,16
367,"[0.9524808876210702, 1.8832099024532676e-05, 0.4371323057750301, 1.88016929918211e-05, 0.17394356849471593, 6.845738803140648e-05]",8,2,17
368,"[0.9518927481540361, 4.343487769736045e-05, 0.43227307296770406, 1.4592130087768408e-05, 0.17196723828259053, 0.00012505683590310622]",8,2,18
369,"[0.9522974833558852, 1.9399645163782192e-05, 0.43304575151029284, 2.4266283090480563e-05, 0.17620375316108913, 0.00011486341658927514]",8,2,19
370,"[0.9515460925685095, 5.432930172756176e-05, 0.42928404830598776, 3.1587156131010573e-05, 0.1768301698113939, 0.000255042598375229]",8,2,20
371,"[0.9519373051785901, 2.364005356089292e-05, 0.4260074519589751, 3.826118758440073e-05, 0.1729931775978961, 0.00010297302634908445]",8,2,21
372,"[0.949455471206127, 4.772932288430468e-05, 0.428443418763494, 5.494976587973897e-05, 0.17560228200159053, 9.331967292635923e-05]",8,2,22
373,"[0.9526524644237552, 1.8994135733447287e-05, 0.43176657799330165, 1.4400619656481237e-05, 0.17112812702572938, 0.00015844157712607382]",8,2,23
374,"[0.9534261504759641, 1.2549483298811468e-05, 0.43051390825614305, 3.433729941733057e-05, 0.1751866299241489, 5.923604164339418e-05]",8,2,24
375,"[0.9525016602145044, 2.0835611127012832e-05, 0.4339039247001131, 2.7201592169247027e-05, 0.17736935542187307, 8.548327003566952e-05]",8,2,25
376,"[0.9513004779574742, 3.599678268961796e-05, 0.423390361745269, 3.6145131718491244e-05, 0.17472850116123964, 9.092523258830302e-05]",8,2,26
377,"[0.9507749606053555, 1.9302615255662006e-05, 0.4327879478359068, 2.4847240929821474e-05, 0.17428953835290362, 0.00010166583552309416]",8,2,27
378,"[0.9541210532204607, 4.348548875804155e-05, 0.43586929930507234, 4.281109626053485e-05, 0.17457175227168664, 0.0001069476334305715]",8,2,28
379,"[0.9529400646182999, 3.940252886072306e-05, 0.43002919475542434, 1.2844880948450767e-05, 0.17299157195552242, 0.00016236156652183433]",8,2,29
380,"[0.9522300537766355, 6.619333134237692e-05, 0.4332611186390782, 3.942477733001828e-05, 0.17617642107154824, 0.0001794511303719199]",8,2,30
381,"[0.9504571129424246, 4.459278662761233e-05, 0.42488722113823996, 3.42842751834003e-05, 0.16709009027299282, 0.00011854691406267615]",8,2,31
382,"[0.9508935906962408, 5.8304746186489106e-05, 0.4334088588772347, 5.4199809044766905e-05, 0.17825427551690273, 6.993580525421247e-05]",8,2,32
383,"[0.9511657904036573, 1.7676860848866998e-05, 0.43187794220745934, 2.7991754662356945e-05, 0.17475340330950387, 0.00010386159937022605]",8,2,33
384,"[0.9522475249831088, 2.292015224276919e-05, 0.43098422425808847, 1.7358561076771485e-05, 0.1735329328383092, 7.926971612530622e-05]",8,2,34
385,"[0.952986049187299, 1.4435084927385963e-05, 0.42971795105700256, 1.7251813605340927e-05, 0.17177042936526993, 8.48203672519369e-05]",8,2,35
386,"[0.951708884695755, 4.2208312127109335e-05, 0.4307931983819001, 2.2736694847545198e-05, 0.17305165701987504, 6.907238322504576e-05]",8,2,36
387,"[0.9518174382896267, 5.328841456012363e-05, 0.4306991915763399, 2.2919416462661193e-05, 0.17525113541946488, 7.573767910314054e-05]",8,2,37
388,"[0.9509999458078184, 1.8163441263746925e-05, 0.4256434727429562, 2.5662897518106703e-05, 0.1759306604186603, 0.00012887003934227524]",8,2,38
389,"[0.954379057384688, 2.55742266710398e-05, 0.43697318456519035, 6.653544635392681e-05, 0.1756085979949146, 9.341288535300558e-05]",8,2,39
390,"[0.9502948845547631, 3.3355244806693155e-05, 0.42642746767226325, 2.067188151647475e-05, 0.1697009242018593, 0.00021309102561188972]",8,2,40
391,"[0.9489576306023642, 1.6893830755975638e-05, 0.42457757388104117, 3.338578286415321e-05, 0.16870571606690346, 0.00017397794269913882]",8,2,41
392,"[0.9505673565849024, 3.7274618918719995e-05, 0.4295111388238587, 2.5056856230950594e-05, 0.17284720578826193, 8.568686960560316e-05]",8,2,42
393,"[0.951928917553481, 2.7612876497921957e-05, 0.43374057316384357, 1.3231705905285828e-05, 0.17532295677116583, 6.87880732553014e-05]",8,2,43
394,"[0.9533791658157982, 3.508589569716845e-05, 0.4354931596966063, 2.688690104125113e-05, 0.17533363174224292, 5.960975931968978e-05]",8,2,44
395,"[0.9518521828260573, 8.13094997743241e-05, 0.43035643711951777, 5.7461897077730504e-05, 0.1751365321816908, 8.900871148750342e-05]",8,2,45
396,"[0.9517704342760646, 1.8633903212226168e-05, 0.42962954221680705, 1.9857653532588716e-05, 0.16987018545964325, 0.00015145410994076448]",8,2,46
397,"[0.9517984316932727, 2.8265850009208037e-05, 0.431647300526022, 3.4769495309940244e-05, 0.17460947459328907, 6.784292635770728e-05]",8,2,47
398,"[0.9523827259907048, 1.2286578571043416e-05, 0.42696431510981586, 2.9400291017166657e-05, 0.1706965204317912, 0.0001577600336723188]",8,2,48
399,"[0.9517105182292713, 3.398286533816511e-05, 0.4278212662990613, 2.0793631152072624e-05, 0.17111002261596825, 0.0002034499621994352]",8,2,49
400,"[0.1977716853779272, 0.00013936142307868814, 0.6218394759925692, 4.083875737968651e-05, 0.335727489088674, 0.0003739938832936148]",9,1,0
401,"[0.20084435761134412, 7.291868433610784e-05, 0.6196126158477242, 3.946800250403002e-05, 0.33287043091680724, 0.00019261655362422204]",9,1,1
402,"[0.19414367122474777, 0.00019800356509773413, 0.6282815141245155, 1.4308632735108104e-05, 0.3425068222548807, 0.00026460957597832635]",9,1,2
403,"[0.19732843900193445, 9.349516994015155e-05, 0.624866833335907, 1.6067811178311368e-05, 0.34080743144293996, 0.0001929540793354915]",9,1,3
404,"[0.1995071252540327, 0.0001120355516125013, 0.6224404066310031, 1.3380056336509533e-05, 0.33249621195350526, 0.00023090270188975124]",9,1,4
405,"[0.20143051548262203, 0.0001404984373831844, 0.6201639512920858, 3.1129929680188105e-05, 0.3448633612322789, 0.00025810197663081507]",9,1,5
406,"[0.19377974648644797, 0.00024088294615630203, 0.6248707473124683, 3.192338815907613e-05, 0.34059413494550905, 0.00014530007839724286]",9,1,6
407,"[0.19588127113053302, 0.00030690633784325133, 0.6237388758564205, 3.736041957736177e-05, 0.3422570398054742, 0.0003582174355803151]",9,1,7
408,"[0.19556694692672288, 0.00011593502678505775, 0.6260758410102469, 6.188544334834133e-06, 0.34074461180610854, 0.0001975278622015508]",9,1,8
409,"[0.20362359654138681, 0.00013504224384416102, 0.6176131777396502, 2.583527847939049e-05, 0.334589126112862, 0.00014743248668598055]",9,1,9
410,"[0.19592292253176538, 0.00023060890897353887, 0.6253858223677, 1.8919598828333874e-05, 0.3404236076627403, 0.00011517463665021863]",9,1,10
411,"[0.19505574073796025, 0.00010128822018302902, 0.6242684603100375, 1.5215777405538355e-05, 0.3317498464129912, 0.00013644971450313992]",9,1,11
412,"[0.1961598087262357, 0.00010111199874793382, 0.6259397265008185, 2.6219326412677612e-05, 0.34482415419403095, 0.0003171961762364654]",9,1,12
413,"[0.20193478922809288, 0.0002041438849428066, 0.6241206313074857, 2.9392411900229137e-05, 0.3364184698324373, 0.00014098713949670065]",9,1,13
414,"[0.19603777030209063, 0.0002764311619481455, 0.6255849426112231, 1.9068049736780877e-05, 0.34507682259630224, 0.00018266742816599676]",9,1,14
415,"[0.20113464017465502, 0.0002474186506411397, 0.621261339836707, 1.1314208516434727e-05, 0.3340202422813053, 0.00018698467752533652]",9,1,15
416,"[0.20479122217966103, 0.00010677448968441798, 0.6208480772840153, 1.8302512209920293e-05, 0.33427677276496803, 0.00012574686321256587]",9,1,16
417,"[0.201080279489373, 0.00017735804817625361, 0.6208281862279426, 2.916228135350916e-05, 0.3369851806630104, 0.000238934772905478]",9,1,17
418,"[0.20093912421129226, 4.507305136414189e-05, 0.6205883194974028, 1.5523365225011143e-05, 0.3380160104078466, 0.0002581028146208279]",9,1,18
419,"[0.19703335324281374, 9.006341218398986e-05, 0.6219349354664844, 6.436863675388442e-05, 0.33532711383456604, 0.00017735202817146988]",9,1,19
420,"[0.19957620004790966, 0.00025811802146203674, 0.6231816783856708, 3.2775611120359365e-05, 0.33793206985321617, 0.00042332920400046936]",9,1,20
421,"[0.1955202034289582, 8.217173206464611e-05, 0.6255229413307063, 2.2605981489838352e-05, 0.33671720569266667, 0.00015891655386458462]",9,1,21
422,"[0.2015187972382039, 0.00022175281426665223, 0.6236156456575991, 8.585600777449097e-06, 0.3390196820133151, 0.00016030837087593308]",9,1,22
423,"[0.19510824363671436, 0.000133934492715246, 0.6261303882524026, 7.231970912262977e-05, 0.34477710201067013, 0.0002837079994428463]",9,1,23
424,"[0.20067419466373526, 0.00012588712601343098, 0.6215025128387471, 1.6254431833053454e-05, 0.3374478301572676, 0.00024595112118114455]",9,1,24
425,"[0.20465582846429486, 0.00010720528379076614, 0.6229379824039458, 1.2428193263566546e-05, 0.33703102356091924, 0.0001361112617072975]",9,1,25
426,"[0.2008812602072089, 0.00013415273599469345, 0.6226679563754132, 3.739849204345676e-05, 0.3420204909402189, 0.00019414126909869005]",9,1,26
427,"[0.19769165455269574, 0.0001528535741122394, 0.6245169942325426, 1.3912687552054776e-05, 0.33703576689597614, 0.0001674919626257498]",9,1,27
428,"[0.1965367964776382, 0.00020617515783901937, 0.624165550829769, 1.5413243185718168e-05, 0.34415498799722255, 0.00014863101399952643]",9,1,28
429,"[0.19830380641474554, 0.00026647817980209005, 0.6233384365855329, 3.3244799149572616e-05, 0.33515547143554014, 0.00017375642203151302]",9,1,29
430,"[0.20322308207864384, 7.970573778222803e-05, 0.6190363918619461, 2.136406966302118e-05, 0.3401099700737168, 0.0001453594888948736]",9,1,30
431,"[0.20147429680909076, 0.00022921158275902563, 0.6202574968385739, 9.882322564253477e-05, 0.33656379944761444, 0.00015093078414218735]",9,1,31
432,"[0.19781655113630983, 0.0001146088932291444, 0.6243544262017414, 4.405179287838103e-05, 0.343323124394252, 0.0003245565186614352]",9,1,32
433,"[0.1997706681451666, 0.0002139487526977826, 0.6249074701893697, 4.943748836739926e-05, 0.3399338644190602, 0.00015539248999822498]",9,1,33
434,"[0.19764115173580032, 0.00021075075059662064, 0.619527851633033, 4.104787230275063e-05, 0.33809275088932944, 0.00020716534247661785]",9,1,34
435,"[0.20563842511617136, 0.0004165223596221573, 0.6225981160455889, 2.7854826712247743e-05, 0.33870250516436295, 0.00033773537745803285]",9,1,35
436,"[0.19241896969505887, 0.00024084576891255621, 0.628818076902546, 2.4686907257430834e-05, 0.3390519795080075, 0.00012414748969198235]",9,1,36
437,"[0.2038416775285953, 0.0002019521469726195, 0.6189015374504697, 1.250046498599166e-05, 0.3339102298829775, 0.00028509402565171904]",9,1,37
438,"[0.19650761538470202, 0.00015981457232975614, 0.6268032766990338, 1.884129097876831e-05, 0.3392459168647918, 0.00024055717880275875]",9,1,38
439,"[0.20226041218070032, 4.813971305138689e-05, 0.6209544206349167, 3.107830691689714e-05, 0.3409136904136218, 0.0001819534898323648]",9,1,39
440,"[0.19414550547853557, 0.00026469192076439675, 0.624603781185625, 1.317780565428329e-05, 0.3397352038525976, 0.0002637311314477566]",9,1,40
441,"[0.19656286483140675, 6.571180321659996e-05, 0.6257267986384089, 4.492431234947293e-05, 0.3441015342945121, 6.427697391115168e-05]",9,1,41
442,"[0.20527145159948296, 0.00012102164001679165, 0.6170826533344339, 2.1874275496515687e-05, 0.3354725824363158, 0.00015324184588605747]",9,1,42
443,"[0.20409816354342322, 0.0002998089220858484, 0.6187541401675319, 8.768928318814638e-06, 0.3363798860349588, 0.00036266971918734117]",9,1,43
444,"[0.1991456446234951, 0.0001405954262708077, 0.621354070985967, 5.695823459422985e-05, 0.33980655805588333, 0.0002856413969920385]",9,1,44
445,"[0.19168684489624208, 0.00032051768968329624, 0.6276113311526433, 5.7191753121853985e-05, 0.3376397786086287, 0.00014271855280442188]",9,1,45
446,"[0.19953989325454816, 0.0001227389996890272, 0.6202824732908805, 1.353899484825232e-05, 0.340118825017725, 0.00027048228149592363]",9,1,46
447,"[0.19589368325207238, 0.00013952989857819156, 0.6240973889183331, 2.030675452167294e-05, 0.3369188963909975, 0.0002795469893423769]",9,1,47
448,"[0.20287246845245765, 0.0003203455665407612, 0.62176108458155, 2.2330046452619306e-05, 0.3382877206963433, 0.00010360520644130006]",9,1,48
449,"[0.19537051224386087, 0.0003357202257649266, 0.6266703913041682, 5.016987372750544e-05, 0.3418049152545068, 0.0002665964805943386]",9,1,49
